date_and_time_of_initial_call,date_and_time_of_ranger_response,borough,property,location,species_description,call_source,species_status,animal_condition,duration_of_response,age,animal_class,311sr_number,final_ranger_action,of_animals,pep_response,animal_monitored,rehabilitator,hours_spent_monitoring,police_response,esu_response,acc_intake_number
2018-09-24T11:00:00,2018-09-24T11:30:00,Queens,Cunningham Park,Comfort Station Near 73rd Avenue and Francis Lewis Blvd.,Chicken,Employee,Domestic,Injured,1,Juvenile,"Domestic;#Birds",1-1-1619568601,ACC,1,false,false,,,false,false,42420
2018-09-23T12:45:00,2018-09-23T12:50:00,Queens,Southern Stables,Behind the barn,Raccoon,Central,Native,,2,Adult,Small Mammals-RVS,,Unfounded,0,false,false,,,false,false,
2018-09-21T18:30:00,2018-09-22T10:30:00,Queens,Alley Pond Park,73rd Street & Springfield Avenue,raccoon,Central,Native,Injured,0.5,Adult,Small Mammals-RVS,1-1-1620474184,Unfounded,1,false,false,,,false,false,
2018-09-21T09:00:00,2018-09-21T10:30:00,Brooklyn,Bedford Playground,,N/A,Public,Native,N/A,1,Adult,Small Mammals-RVS,,Unfounded,1,false,false,,,false,false,
2018-09-20T14:00:00,2018-09-20T14:10:00,Manhattan,Central Park,"Harlem Meer, 106 street and 5 Avenue",Double crested cormorant,"Conservancies/""Friends of"" Groups",Native,Unhealthy,1,Juvenile,Birds,1-1-1618901740,Rehabilitator,1,false,false,Wild Bird Fund,,false,false,
2018-09-09T11:55:00,2018-09-20T11:40:00,Queens,Baisley Pond Park,158th Street near water,Canada goose,Central,Native,Injured,1.75,Adult,Birds,1-1-1620277070,ACC,1,false,false,,,false,false,42056
2018-09-20T11:30:00,2018-09-20T11:35:00,Manhattan,Central Park,Harlem Meer,Cormorant,"Conservancies/""Friends of"" Groups",Native,Unhealthy,0.75,Adult,Birds,,Unfounded,1,false,false,,,false,false,
2018-09-19T13:31:00,2018-09-19T16:48:00,Staten Island,Willowbrook Park,Willowbrook Pond,Turtle,Employee,N/A,N/A,1,Adult,Terrestrial Reptile or Amphibian,,Unfounded,0,false,false,,,false,false,
2018-09-19T14:48:00,2018-09-19T15:00:00,Manhattan,Central Park,Met museum on 84st/5ave by flagpole/vendors,Raccoon,Central,Native,Healthy,2,Adult,Small Mammals-RVS,1-1-1617694790,Relocated/Condition Corrected,1,false,true,,2,false,false,
2018-09-17T09:15:00,2018-09-17T09:30:00,Queens,PS 153,Back playground perimeter near a garbage can.,Skunk,Central,Native,,1,Adult,Small Mammals-RVS,,Unfounded,0,false,false,,,false,false,
2018-09-19T12:00:00,2018-09-19T12:15:00,Manhattan,Central Park,W90th / CPW drive,Raccoon,"Conservancies/""Friends of"" Groups",Native,Injured,1,Juvenile,Small Mammals-RVS,1-1-1619568077,ACC,1,false,false,,,false,false,41959
2018-09-19T09:00:00,2018-09-19T09:28:00,Staten Island,Conference House Park,Beach shoreline,bird of prey,Central,N/A,Injured,1,Adult,Raptors,,Unfounded,1,false,false,,,false,false,
2018-09-17T12:20:00,2018-09-17T12:20:00,Manhattan,Hester St. Playground,Eldridge st. & Canal st.,Cooper's Hawk,Public,Native,Injured,2,Juvenile,Raptors,,Rehabilitator,1,false,false,Wild Bird Fund,,false,false,
2018-09-16T07:00:00,2018-09-16T09:30:00,Manhattan,Central Park,Arthur Ross Playground,raccoon,Central,N/A,N/A,0.75,Adult,Small Mammals-RVS,1-1-1618251606,Unfounded,1,false,false,,,false,false,
2018-09-13T16:00:00,2018-09-13T16:25:00,Brooklyn,Prospect Park,By Plaza Street West and Garfield Tot Spot,Raccoon,Public,Native,Injured,1,Adult,Small Mammals-RVS,1-1-1617125900,Unfounded,1,false,false,,,false,false,
2018-09-13T14:30:00,2018-09-13T14:50:00,Manhattan,Central Park,Conservatory Water,Mallard Duck,Public,Native,Healthy,1,Adult,Birds,,Monitored Animal,1,false,true,,1,false,false,
2018-09-13T11:30:00,2018-09-13T13:00:00,Queens,Cunningham Park,Back Parking Lot,Raccoon,Central,Native,Injured,2,Adult,Small Mammals-RVS,1-1-1617220980,ACC,1,false,false,,,false,false,
2018-09-13T10:00:00,2018-09-13T10:20:00,Bronx,Pelham Bay Park,Playground For All Children,Raccoon,Employee,Native,Unhealthy,1.5,Juvenile,Small Mammals-RVS,1-1-1615765941,ACC,1,false,false,,,false,false,41389
2018-09-13T09:40:00,2018-09-13T09:40:00,Manhattan,Central Park,Dana Center,Rock Dove,"Conservancies/""Friends of"" Groups",Native,Injured,0.25,Adult,Birds,,Advised/Educated others,1,false,false,,,false,false,
2018-09-11T11:30:00,2018-09-11T13:15:00,Staten Island,Bradys Pond Park,Pond,,Employee,N/A,DOA,1.5,Adult,Fish-numerous quantity,,Monitored Animal,7,false,true,,0.5,false,false,
2018-09-11T15:45:00,2018-09-11T15:50:00,Queens,Flushing Meadows Corona Park,Avenue of Commerce between Avenue of Progress and Promenade of Industry,Red-Tailed Hawk,Employee,Native,Healthy,0.5,Adult,Raptors,,Monitored Animal,1,false,false,,,false,false,
2018-09-11T14:30:00,2018-09-11T14:35:00,Queens,Flushing Meadows Corona Park,111th Entrance of Park,Beagle - Dog,Employee,Domestic,Healthy,2,Adult,Domestic,1-1-1613573802,ACC,1,false,false,,,false,false,50316
2018-09-11T08:30:00,2018-09-11T08:45:00,Manhattan,Inwood Hill Park,Dyckman Street and Staff Street,Chicken,Public,Domestic,Healthy,1.5,Adult,Domestic,1-1-1615895010,Rehabilitator,1,false,false,Wild Bird Fund,,false,false,
2018-09-11T10:40:00,2018-09-11T10:50:00,Bronx,Merriam Playground,"""Rear path""",Cat,Central,Domestic,,0.75,Juvenile,Domestic,1-1-1613698400,Unfounded,1,false,false,,,false,false,
2018-09-10T14:20:00,2018-09-10T14:20:00,Manhattan,Chelsea Park,W 27th & 10th Ave,Squirrel,Employee,Native,Healthy,2,Infant,Small Mammals-RVS,1-1-1611145443,Rehabilitator,1,false,true,Wild Bird Fund,0.5,false,false,
2018-09-09T11:55:00,2018-09-09T12:03:00,Queens,Baisley Pond Park,158th Street near water,Canada Goose,Central,Native,Injured,2,Adult,Birds,,Monitored Animal,1,false,true,,1,false,false,
2018-09-09T10:10:00,2018-09-09T10:10:00,Manhattan,Playground 103 CIII,Ward's Island Bridge,Raccoon,Public,Native,N/A,2,Adult,Small Mammals-RVS,1-1-1615129722,Unfounded,1,false,false,,0.5,false,false,
2018-09-08T16:30:00,2018-09-08T16:35:00,Staten Island,Wolfe's Pond Park,Wolf's Pond Park Main Parking Lot,Banded Rock Pigeon,Employee,Domestic,Unhealthy,0.75,Adult,Birds,1-1-1613698091,ACC,1,false,false,,,false,false,41022
2018-09-08T10:00:00,2018-09-08T10:30:00,Brooklyn,Coffey Park,Unknown,Eastern Gray Squirrel,Central,Native,N/A,1.5,Infant,Small Mammals-non RVS,,Unfounded,1,false,false,,,false,false,
2018-09-08T12:20:00,2018-09-08T12:45:00,Bronx,Pelham Bay Park,BBQ area by Wilkonson Ave and Bruckner Blvd,Raccoon,Central,Native,Unhealthy,2,Adult,Small Mammals-RVS,1-1-1614660042,ACC,1,false,false,,,false,false,49903
2018-09-07T16:01:00,2018-09-07T16:10:00,Manhattan,Central Park,96th street playground,raccoon,Central,Native,N/A,0.75,Adult,Small Mammals-RVS,,Unfounded,1,false,false,,,false,false,
2018-09-07T09:00:00,2018-09-07T09:00:00,Manhattan,Central Park,West 92nd and Jogging Path near Reservoir,Raccoon,"Conservancies/""Friends of"" Groups",Native,Unhealthy,1.5,Adult,Small Mammals-RVS,1-1-1614515962,ACC,1,false,false,,,false,false,40849
2018-09-07T23:08:00,2018-09-07T23:10:00,Manhattan,Theodore Roosevelt Park,In the outdoor corridors between the museum buildings,Raccoon,Central,Native,Healthy,1,Juvenile,Small Mammals-RVS,1-1-1613258250,Advised/Educated others,1,false,false,,,false,false,
2018-09-06T14:15:00,2018-09-06T14:25:00,Queens,Baisley Pond Park,"Nearest cross Streets Barron St and 116 Rd, inside the handball court",Dog,Central,Domestic,Unhealthy,3,Adult,Domestic,1-1-1610274844,ACC,1,false,false,,,false,false,
2018-09-06T14:50:00,2018-09-06T14:50:00,Manhattan,Bryant Park,Outside the park on 6th Avenue and West 48th Street,Coopers Hawk,Other,Native,DOA,1,Juvenile,Raptors,N/A,Submitted for DEC Testing,1,false,false,,,false,false,
2018-09-06T13:15:00,2018-09-06T13:30:00,Manhattan,Central Park,Harlem Meer,Mallard,"Conservancies/""Friends of"" Groups",Native,N/A,1,Adult,Birds,,Unfounded,1,false,false,,,false,false,
2018-09-06T10:05:00,2018-09-06T10:05:00,Bronx,Pelham Bay Park,Orchard Beach/ City Island Traffic Circle,White Tailed Deer,Central,Native,Unhealthy,2,Infant,Deer,1-1-1613258202,ACC,1,false,false,,,true,true,40789
2018-09-06T10:00:00,2018-09-06T10:40:00,Manhattan,Riverside Park,by bottom of stairs near the apartment,Painted turtle,Central,Invasive,Healthy,1,Adult,Terrestrial Reptile or Amphibian,1-1-1610274843,Rehabilitator,1,false,false,Wild Bird Fund,,false,false,
2018-09-05T13:15:00,2018-09-05T13:45:00,Manhattan,Central Park,"Ramble, ~73rd street, near Bow Bridge",Raccoon,"Conservancies/""Friends of"" Groups",Native,,1,Juvenile,Small Mammals-RVS,1-1-16135070036,ACC,1,false,false,,,false,false,40681
2018-09-05T12:15:00,2018-09-05T13:15:00,Queens,Rockaway Beach and Boardwalk,On the beach near shore. Closest Cross street is B44th st,Black Skimmer,Employee,Native,DOA,1,Juvenile,Birds,1-1-1613606980,Relocated/Condition Corrected,1,false,false,,,false,false,
2018-09-05T09:15:00,2018-09-05T09:40:00,Manhattan,Churchill School,Churchill School's garden,Hummingbird,Public,Native,Injured,2.5,Adult,Birds,1-1-1610698451,Rehabilitator,1,false,false,WBF,,false,false,
2018-09-05T09:35:00,2018-09-05T09:40:00,Bronx,Crotona Park,Indian Lake,Green Heron,Employee,Native,Injured,1.5,Juvenile,Birds,1-1-1610698450,Rehabilitator,1,false,false,Wild Bird Fund,,false,false,
2018-09-03T18:11:00,2018-09-04T11:49:00,Brooklyn,Prospect Park,By the Audubon Center/Boathouse,Swan,Central,Native,N/A,1,Adult,Birds,1-11-612693625,Unfounded,1,false,true,,0.5,false,false,
2018-09-04T14:30:00,2018-09-04T15:50:00,Staten Island,Ocean Breeze Track & Field Athletic Complex,Father Capodanno and Seaview,Rock Dove,Employee,Native,Healthy,2.5,Adult,Birds,1-1-1613258011,ACC,1,true,false,,,false,false,40608
2018-09-04T11:00:00,2018-09-04T14:46:00,Staten Island,Altamont House,Boyle Ave and Beacon Ave,Black Racer Snake,Employee,Native,DOA,4.5,Adult,Terrestrial Reptile or Amphibian,1-1-1613258010,Relocated/Condition Corrected,1,true,false,,,false,false,
2018-09-04T09:00:00,2018-09-04T09:30:00,Manhattan,Central Park,"Rumsey Playfield, near Central Park Mall",Raccoon,"Conservancies/""Friends of"" Groups",Native,Unhealthy,1.5,Juvenile,Small Mammals-RVS,1-1-1609800850,ACC,1,false,false,,,false,false,40543
2018-09-03T15:30:00,2018-09-03T15:45:00,Brooklyn,Prospect Park,Prospect Park Audubon Center,Canada Goose,Public,Native,Injured,1,Adult,Birds,,Monitored Animal,1,false,true,,0.25,false,false,
2018-09-03T15:30:00,2018-09-03T16:00:00,Brooklyn,Shore Road Park,79th Street and Shore Road,Homing Pigeon,Employee,Domestic,N/A,1,Adult,Domestic,,Unfounded,1,false,false,,,false,false,
2018-09-03T16:40:00,2018-09-03T16:49:00,Staten Island,South Beach,Ocean Ave and Drury Ave on the beach near Lot 1.,2 black back gulls and 1 pigeon,Employee,Native,Unhealthy,3,Adult,Birds,1-1-1610326695,Relocated/Condition Corrected,3,true,false,,,false,false,
2018-09-03T15:00:00,2018-09-03T15:00:00,Manhattan,Central Park,W 88th and Bridle Path,Raccoon,"Conservancies/""Friends of"" Groups",Native,Unhealthy,1,Juvenile,Small Mammals-RVS,1-1-1610326691,ACC,1,false,false,,,false,false,40502
2018-09-03T10:42:00,2018-09-03T10:45:00,Manhattan,Riverside Park,Outside of Neufeld Playground,Raccoon,Employee,Native,DOA,1,Juvenile,Small Mammals-RVS,1-1-1611145062,ACC,1,false,false,,,false,false,40497
2018-09-03T09:30:00,2018-09-03T09:47:00,Manhattan,Central Park,Group of Bear statue/ feildman playground,Raccoon,"Conservancies/""Friends of"" Groups",Native,Unhealthy,1,Adult,Small Mammals-RVS,1-1-1611145061,ACC,1,false,false,,,false,false,40498
2018-09-03T09:30:00,2018-09-03T09:30:00,Manhattan,Central Park,W 79th and Central Park Drive,Raccoon,"Conservancies/""Friends of"" Groups",Native,Unhealthy,1,Infant,Small Mammals-RVS,1-1-1611145060,ACC,1,false,false,,,false,false,40495
2018-09-03T09:00:00,2018-09-03T09:00:00,Manhattan,Central Park,W 96th and Central Park Drive,Raccoon,Central,Native,Unhealthy,1,Infant,Small Mammals-RVS,1-1-1612582131,ACC,1,false,false,,,false,false,40494
2018-09-02T14:00:00,2018-09-02T14:50:00,Manhattan,Central Park,72rd and East Drive/ Conservatory waters near food sellers,Raccoon,Other,Native,Unhealthy,1,Juvenile,Small Mammals-RVS,1-1-1612376942,ACC,1,false,false,,,true,false,40461
2018-09-02T12:45:00,2018-09-02T12:48:00,Queens,Cunningham Park,Maintenance and Operations Office by Tennis Courts,Raccoon,Central,Native,Healthy,2.25,Juvenile,Small Mammals-RVS,1-1-161-111-2542,Relocated/Condition Corrected,1,false,false,,,false,false,
2018-09-02T00:00:00,2018-09-02T10:10:00,Manhattan,Central Park,105th and 5th Ave,Raccoon,"Conservancies/""Friends of"" Groups",Native,Unhealthy,1,Juvenile,Small Mammals-RVS,1-1-1610698272,ACC,1,false,false,,,false,false,40413
2018-09-02T09:15:00,2018-09-02T09:40:00,Manhattan,Central Park,93rd st and Wesr Drive,Raccoon,"Conservancies/""Friends of"" Groups",Native,N/A,0.5,Adult,Small Mammals-RVS,,Unfounded,1,false,true,,0.5,false,false,
2018-09-02T09:00:00,2018-09-02T09:00:00,Manhattan,Central Park,79th st & W. Drive,Raccoon,Other,Native,Unhealthy,1,Adult,Small Mammals-RVS,1-1-1610698271,ACC,1,false,false,,,false,false,40412
2018-09-02T09:00:00,2018-09-02T09:25:00,Manhattan,Central Park,96th st. and West Drive,Raccoon,Public,Native,N/A,0.5,Adult,Small Mammals-RVS,1-1-1612025711,Monitored Animal,1,false,true,,0.5,false,false,
2018-08-16T17:00:00,2018-09-02T09:30:00,Manhattan,Inwood Hill Park,Bolton road,Deer,Other,Native,Healthy,1,Adult,Deer,,Unfounded,1,false,false,,,false,false,
2018-09-01T10:15:00,2018-09-01T10:15:00,Manhattan,Central Park,Southside entrance of the MET garage,Raccoon,Central,Native,N/A,0.75,Juvenile,Small Mammals-RVS,,Unfounded,1,false,false,,,false,false,
2018-09-01T07:45:00,2018-09-01T09:40:00,Manhattan,Central Park,"W93rd street, Wild West Playground",Raccoon,"Conservancies/""Friends of"" Groups",Native,N/A,0.5,Juvenile,Small Mammals-RVS,,Unfounded,1,false,false,,,false,false,
2018-09-01T09:05:00,2018-09-01T09:15:00,Manhattan,Central Park,"Conservatory Garden, French Garden",Raccoon,"Conservancies/""Friends of"" Groups",Native,Unhealthy,0.75,Adult,Small Mammals-RVS,,Monitored Animal,1,false,false,,,false,false,
2018-08-31T14:15:00,2018-08-31T15:15:00,Manhattan,Central Park,Bridle Path and W. 77th St,Raccoon,"Conservancies/""Friends of"" Groups",Native,N/A,1,Adult,Small Mammals-RVS,,Unfounded,1,false,false,,,false,false,
2018-08-31T10:30:00,2018-08-31T10:31:00,Manhattan,Inwood Hill Park,The caves,Kittens,Employee,Domestic,Healthy,2,Infant,Domestic,1-1-1610698201,ACC,3,true,false,,,true,false,40180/40181/40182
2018-08-31T09:00:00,2018-08-31T09:30:00,Manhattan,Central Park,W 77st by Ladies' Pavilion,Raccoon,"Conservancies/""Friends of"" Groups",Native,Unhealthy,1,Adult,Small Mammals-RVS,1-1-1610274490,ACC,1,false,false,,,false,false,40061
2018-08-29T08:30:00,2018-08-29T08:31:00,Manhattan,Randall's Island Park,Urban Farms property,pet rabbit,Central,Domestic,N/A,0.25,Adult,Small Mammals-non RVS,,Advised/Educated others,1,false,false,,,false,false,
2018-08-29T15:45:00,2018-08-29T15:49:00,Manhattan,Central Park,59th St & 5th ave,raccoon,Central,Native,N/A,1.25,Adult,Small Mammals-RVS,,Unfounded,1,false,false,,,false,false,
2018-08-29T12:00:00,2018-08-29T12:28:00,Manhattan,Central Park,E 83rd & E. Drive - the NW corner of The Met - in a closed lawn,raccoon,Central,Native,Unhealthy,1.75,Adult,Small Mammals-RVS,1-1-1607621460,ACC,1,false,false,,,false,false,39840
2018-08-29T09:33:00,2018-08-29T10:30:00,Manhattan,Tompkins Square Park,in a tree at Ave A & E 7th St,red tailed-hawk,Public,Native,Unhealthy,2.75,Juvenile,Raptors,,Monitored Animal,1,false,true,,1.5,false,false,
2018-08-29T08:30:00,2018-08-29T08:45:00,Manhattan,Central Park,"Delacorte Theater, W 81st St and Central Park West",Raccoon,Other,Native,Unhealthy,1.5,Adult,Small Mammals-RVS,1-1-1608669320,ACC,1,false,false,,,false,false,39794
2018-08-29T08:40:00,2018-08-29T08:45:00,Manhattan,Central Park,"Great Lawn Southeast, E 81st and 5th Ave",Raccoon,Central,Native,Unhealthy,1.5,Adult,Small Mammals-RVS,1-1-1608669320,ACC,1,false,false,,,false,false,39793
2018-08-28T10:55:00,2018-08-28T11:23:00,Manhattan,Central Park,67th & 5th ave - Balto statue,raccoon,Employee,Native,N/A,1.25,Adult,Small Mammals-RVS,,Unfounded,1,false,false,,,false,false,
2018-08-28T10:15:00,2018-08-28T10:25:00,Manhattan,Central Park,CP Zoo- 64th & 5th ave - inside a trash can,raccoon,Central,Native,Unhealthy,1.5,Adult,Small Mammals-RVS,1-1-1607744950,ACC,1,false,false,,,false,false,39704
2018-08-24T20:37:00,2018-08-25T10:15:00,Brooklyn,Prospect Park,West Drive by the lake shore Vanderbilt st,pigeon,Central,Native,DOA,1.5,Adult,Birds,1-1-1608627746,Relocated/Condition Corrected,1,false,false,,,false,false,
2018-08-26T12:30:00,2018-08-26T12:45:00,Manhattan,Central Park,Conservatory Garden 105th St. and 5th Ave.,"Dog, Yorkshire terrier",Employee,Domestic,Healthy,0.75,Adult,Domestic,1-1-1606769440,ACC,1,false,false,,,false,false,39503
2018-08-27T10:30:00,2018-08-27T10:30:00,Manhattan,Central Park,86th st Transverse,Raccoon,Other,Native,Unhealthy,2,Juvenile,Small Mammals-RVS,1-1-1608583271,ACC,1,false,false,,,false,false,39576
2018-08-26T13:47:00,2018-08-26T13:47:00,Manhattan,Central Park,Delacorte Theatre,Raccoon,"Conservancies/""Friends of"" Groups",Native,Unhealthy,2,Adult,Small Mammals-RVS,1-1-1605102820,ACC,2,false,false,,,false,false,"39530, 39531"
2018-08-26T09:00:00,2018-08-26T09:00:00,Manhattan,Colonel Charles Young Playground,W 144th & Malcom X Blvd.,Red-Tailed Hawk,Central,Native,N/A,1,Adult,Raptors,,Unfounded,1,false,false,,,false,false,
2018-08-26T11:50:00,2018-08-26T11:50:00,Manhattan,Inwood Hill Park,Blue Trail/ Payson Ave,Deer,Observed by Ranger,Native,N/A,1,Adult,Deer,,Unfounded,1,false,true,,1,false,false,
2018-08-25T17:30:00,2018-08-25T17:45:00,Manhattan,Central Park,Dana Center,Turtle,"Conservancies/""Friends of"" Groups",Invasive,N/A,0.25,"Adult;#Juvenile;#Infant",Terrestrial Reptile or Amphibian,,Relocated/Condition Corrected,1,false,false,,,false,false,
2018-08-25T07:30:00,2018-08-25T09:30:00,Manhattan,Tompkins Square Park,close to East 7th and Ave A entrance,Red-tailed Hawk,Public,Native,Unhealthy,6,Juvenile,Raptors,N/A,Monitored Animal,1,false,false,,,false,false,
2018-08-25T11:38:00,2018-08-25T14:00:00,Manhattan,Central Park,Playground at E 76St,Rabbit,Public,Domestic,Healthy,1.5,Adult,Domestic,1-1-1608742858,Monitored Animal,1,false,true,,1,false,false,
2018-08-24T20:42:00,2018-08-25T13:45:00,Queens,Baisley Pond Park,"South end of park, along Baisley Blvd",Bearded dragon,Central,Exotic,N/A,2,Adult,Terrestrial Reptile or Amphibian,1-1-1608597876,Unfounded,1,false,false,,,false,false,
2018-08-24T16:50:00,2018-08-24T17:00:00,Manhattan,Central Park,"Delecorte Theater, under the stage in the rafters",Raccoon,Other,Native,DOA,1.5,Juvenile,Small Mammals-RVS,,Relocated/Condition Corrected,1,false,false,,,false,false,
2018-08-24T16:55:00,2018-08-24T17:00:00,Manhattan,Central Park,"Delacorte Theater, underneath the stage",Raccoon,Other,Native,N/A,0.75,Adult,Small Mammals-RVS,,Unfounded,2,false,false,,,false,false,
2018-08-24T15:15:00,2018-08-24T15:25:00,Manhattan,Theodore Roosevelt Park,E85th and Columbus,Raccoon,Central,Native,N/A,1,Adult,Small Mammals-RVS,N/A,Monitored Animal,1,false,false,,,false,false,
2018-08-24T13:30:00,2018-08-24T13:45:00,Manhattan,Central Park,East 90th on Bridal Path,Raccoon,"Conservancies/""Friends of"" Groups",Native,Unhealthy,1.5,Adult,Small Mammals-RVS,1-1-1606672910,ACC,1,false,false,,,false,false,39304
2018-08-24T07:20:00,2018-08-24T08:40:00,Manhattan,Central Park,On lawn across from Bow Bridge and,Raccoon,"Conservancies/""Friends of"" Groups",Domestic,Unhealthy,1.5,Adult,Small Mammals-RVS,N/A,Monitored Animal,1,false,true,,1.75,false,false,
2018-08-24T09:00:00,2018-08-24T09:38:00,Manhattan,Central Park,"East Drive and 84th Street, grassy area west of Museum, close to the road",Raccoon,"Conservancies/""Friends of"" Groups",Native,,0.5,Adult,Small Mammals-RVS,1-1-16051904892,ACC,1,false,false,,,false,false,39259
2018-08-24T09:00:00,2018-08-24T09:09:00,Manhattan,Central Park,"W 79th Street Drive, west of the yard, inside garbage can by the sidewalk",Raccoon,"Conservancies/""Friends of"" Groups",Native,Unhealthy,0.5,Adult,Small Mammals-RVS,1-1-6051904891,ACC,2,false,false,,,false,false,39257; 39258
2018-08-23T09:25:00,2018-08-23T09:25:00,Manhattan,Central Park,Reservoir - South Pumphouse - in the brush by the arch,raccoon,"Conservancies/""Friends of"" Groups",Native,Unhealthy,2.25,Adult,Small Mammals-RVS,,Monitored Animal,1,false,false,,,false,false,
2018-08-23T16:00:00,2018-08-23T00:00:00,Manhattan,Central Park,East Drive and East 70th,Red-tailed Hawk,"Conservancies/""Friends of"" Groups",Native,Injured,2,Juvenile,Raptors,1-1-605107551,Rehabilitator,1,false,false,,,false,false,
2018-08-23T14:00:00,2018-08-23T14:06:00,Manhattan,Central Park,W 86St. & Bridlepath,Raccoon,"Conservancies/""Friends of"" Groups",Native,Unhealthy,1.5,Infant,Small Mammals-RVS,1-1-1605107550,ACC,1,false,false,,,false,false,39192
2018-08-23T13:00:00,2018-08-23T13:09:00,Manhattan,Central Park,Ramble near rustic house in shrubs,Raccoon,"Conservancies/""Friends of"" Groups",Native,Unhealthy,1.5,Juvenile,Small Mammals-RVS,1-1-1606327440,ACC,1,false,false,,,false,false,39191
2018-08-23T12:40:00,2018-08-23T12:40:00,Manhattan,Central Park,Lasker Rink,Raccoon,"Conservancies/""Friends of"" Groups",Native,N/A,1,Adult,Small Mammals-RVS,,Unfounded,1,false,false,,,false,false,
2018-08-23T10:00:00,2018-08-23T10:10:00,Manhattan,Central Park,W 90th & Bridle Path (the Reservoir),Raccoon,"Conservancies/""Friends of"" Groups",Native,Unhealthy,1,Infant,Small Mammals-RVS,,Monitored Animal,1,false,true,,0.5,false,false,
2018-08-23T08:40:00,2018-08-23T08:50:00,Manhattan,Central Park,Rumsey Playfield,Raccoon,"Conservancies/""Friends of"" Groups",Native,Unhealthy,1,Adult,Small Mammals-RVS,,ACC,1,false,false,,,false,false,1-1-1607314261
2018-08-21T15:00:00,2018-08-22T09:41:00,Queens,St. Michael's Playground,Basketball court,Red-tailed hawk,Other,Native,Unhealthy,4,Juvenile,Raptors,1-1-1607560027,Rehabilitator,1,false,true,Bobby Horvath,1,false,false,
2018-08-20T15:00:00,2018-08-22T10:33:00,Queens,Kissena Corridor Park,"Ballfield #2, 58th Ave + Peck Ave",Chicken,Employee,Domestic,N/A,0.5,Adult,"Domestic;#Birds",1-1-1607560028,Unfounded,0,false,false,,,false,false,
2018-08-21T08:20:00,2018-08-22T11:06:00,Queens,Underhill Playground,,Gerbil,Employee,Domestic,N/A,0.25,Adult,"Domestic;#Small Mammals-non RVS",1-1-1607560029,Unfounded,0,false,false,,,false,false,
2018-08-22T08:30:00,2018-08-22T09:45:00,Manhattan,Central Park,W 86th St and Central Park West,Raccoon,"Conservancies/""Friends of"" Groups",Native,Unhealthy,1.75,Adult,Small Mammals-RVS,1-1-1604295801,ACC,1,false,false,,,false,false,39000
2018-08-22T13:50:00,2018-08-22T14:00:00,Manhattan,Central Park,Lawn in front of Turtle Pond. Nearest cross street 5th Ave 79th Street,Raccoon,"Conservancies/""Friends of"" Groups",Native,Unhealthy,1.5,Adult,Small Mammals-RVS,1-1-1607314140,ACC,1,false,false,,,false,false,39050
2018-08-22T09:00:00,2018-08-22T10:00:00,Brooklyn,Cadman Plaza Park,War Memorial,Raccoon,Employee,Native,Healthy,0.5,Adult,Small Mammals-RVS,,Unfounded,0,false,false,,,false,false,
2018-08-22T11:56:00,2018-08-22T11:57:00,Manhattan,Central Park,Ramble - wooded trail north from Boathouse parking lot - E. Drive & 75th,raccoon,Central,Native,Unhealthy,1.5,Juvenile,Small Mammals-RVS,1-1-1607560023,ACC,1,false,false,,,false,false,39015
2018-08-22T11:14:00,2018-08-22T11:23:00,Manhattan,Central Park,Ramble - Oak Bridge - W. Drive & 75th,raccoon,"Conservancies/""Friends of"" Groups",Native,Unhealthy,2,Juvenile,Small Mammals-RVS,1-1-1606672252,ACC,1,false,false,,,false,false,39014
2018-08-21T15:41:00,2018-08-21T15:45:00,Manhattan,Central Park,E 97th street transverse road,Raccoon,"Conservancies/""Friends of"" Groups",Native,Unhealthy,2,Adult,Small Mammals-RVS,1-1-1604778741,ACC,1,false,false,,,true,false,38927
2018-08-21T14:43:00,2018-08-21T14:45:00,Manhattan,Central Park,Oak Bridge,Raccoon,"Conservancies/""Friends of"" Groups",Native,Unhealthy,2,Adult,Small Mammals-RVS,1-1-1604778740,ACC,1,false,false,,,false,false,38926
2018-08-21T08:00:00,2018-08-21T09:30:00,Manhattan,Central Park,The end of Litterary Walk near East 64th and East Drive,Raccoon,"Conservancies/""Friends of"" Groups",Native,Unhealthy,1.5,Adult,Small Mammals-RVS,1-1-1604273583,ACC,1,false,false,,,false,false,38879
2018-08-21T08:00:00,2018-08-21T09:20:00,Manhattan,Central Park,Children's Zoo. Nearest cross street is 5th Ave at East 65th,Raccoon,"Conservancies/""Friends of"" Groups",Native,Unhealthy,1.5,Juvenile,Small Mammals-RVS,1-1-1604618551,ACC,1,false,false,,,false,false,38878
2018-08-21T08:00:00,2018-08-21T09:15:00,Manhattan,Central Park,North of Bow Bridge in the Ramble. Nearest Cross street is CPW and West 72nd,Raccoon,"Conservancies/""Friends of"" Groups",Native,Unhealthy,1.5,Juvenile,Small Mammals-RVS,1-1-1604273584,ACC,1,false,false,,,false,false,38877
2018-08-21T08:00:00,2018-08-21T08:50:00,Manhattan,Central Park,West Drive West 75th near Oak Bridge,Raccoon,"Conservancies/""Friends of"" Groups",Native,,1.5,Adult,Small Mammals-RVS,1-1-1604273585,ACC,1,false,false,,,false,false,38876
2018-08-21T08:00:00,2018-08-21T08:40:00,Manhattan,Central Park,West Drive at West 79th. In front of the CPC Yard entrance,Raccoon,"Conservancies/""Friends of"" Groups",Native,Unhealthy,1.5,Adult,Small Mammals-RVS,1-1-1604273586,ACC,1,false,false,,,false,false,38875
2018-08-20T15:00:00,2018-08-20T15:15:00,Manhattan,Central Park,"W 77th st., Balcony bridge",Raccoon,"Conservancies/""Friends of"" Groups",Native,N/A,1,Adult,Small Mammals-RVS,,Unfounded,1,false,false,,,false,false,
2018-08-20T13:20:00,2018-08-20T14:00:00,Manhattan,Central Park,"85th Street Transverse, East of Central Park Precinct",Raccoon,Other,Native,Unhealthy,1.5,Adult,Small Mammals-RVS,1-1-1605183191,ACC,1,false,false,,,true,false,38808
2018-08-20T09:00:00,2018-08-20T10:00:00,Manhattan,Central Park,Loeb Boathouse,Raccoon,"Conservancies/""Friends of"" Groups",Native,Unhealthy,1.25,Adult,Small Mammals-RVS,1-1-1604583561,ACC,1,false,false,,,false,false,38767
2018-08-20T11:15:00,2018-08-20T00:35:00,Manhattan,Central Park,Delecorte theater/ sec 4,Raccoon,Other,Native,N/A,1,Juvenile,Small Mammals-RVS,1-1-1605102041,Unfounded,1,false,false,,,false,false,
2018-08-20T10:00:00,2018-08-20T10:00:00,Manhattan,Central Park,85th st. and East Drive,Raccoon,Other,Native,Healthy,0.5,Adult,Small Mammals-RVS,,Monitored Animal,1,false,true,,0.5,false,false,
2018-08-20T11:15:00,2018-08-20T11:35:00,Manhattan,Central Park,Delacorte Theater/ Sec 4 entrance,Raccoon,Other,Native,Healthy,1,Juvenile,Small Mammals-RVS,1-1-1605102041,Relocated/Condition Corrected,1,false,false,,,false,false,
2018-08-20T09:00:00,2018-08-20T09:20:00,Manhattan,Central Park,E 94th St. & 5th Ave,Raccoon,"Conservancies/""Friends of"" Groups",Native,Unhealthy,1,Juvenile,Small Mammals-RVS,1-1-1598977690,ACC,1,false,false,,,false,false,38755
2018-08-19T16:30:00,2018-08-19T16:30:00,Staten Island,Midland Beach,Midland Beach off of Father Capodanno blvd between Midland and Hunter,Black backed gull,Employee,Native,Unhealthy,1.5,Adult,Birds,1-1-1606326980,ACC,1,true,false,,,false,false,38713
2018-08-19T13:00:00,2018-08-19T13:00:00,Manhattan,Central Park,85th and East Drive,Raccoon,Other,Native,Healthy,1,Adult,Small Mammals-RVS,,Monitored Animal,1,false,true,,,true,false,
2018-08-19T13:20:00,2018-08-19T13:30:00,Manhattan,Central Park,Delacorte Theater,Raccoon,Employee,Native,Unhealthy,1.5,Juvenile,Small Mammals-RVS,1-1-1604222811,ACC,1,false,false,,,false,false,46986
2018-08-19T11:40:00,2018-08-19T12:10:00,Manhattan,Central Park,"West 77th and the West drive, near Oakbridge",Raccoon,"Conservancies/""Friends of"" Groups",Native,Unhealthy,1,"Juvenile;#Adult",Small Mammals-RVS,1-1-1605149720,ACC,2,false,false,,,false,false,38672
2018-08-19T09:30:00,2018-08-19T09:30:00,Manhattan,Central Park,W 75th & West Drive,Raccoon,"Conservancies/""Friends of"" Groups",Native,N/A,1,Adult,Small Mammals-RVS,,Unfounded,1,false,true,,0.5,false,false,
2018-08-19T09:00:00,2018-08-19T09:00:00,Manhattan,Central Park,Arthur Ross Pinetum,Raccoon,"Conservancies/""Friends of"" Groups",Native,Unhealthy,1,Infant,Small Mammals-RVS,1-1-1604754121,ACC,1,false,false,,,false,false,38647
2018-08-18T16:30:00,2018-08-18T16:30:00,Manhattan,Central Park,West Drive at West 72nd. On the pedestrian path,Raccoon,Observed by Ranger,Native,Unhealthy,0.15,Adult,Small Mammals-RVS,N/A,Monitored Animal,1,false,false,,,false,false,
2018-08-18T16:00:00,2018-08-18T16:10:00,Manhattan,Central Park,Inside Delacorte Theater Seating area. Nearest Cross Street West 81st and CPW,Raccoon,"Conservancies/""Friends of"" Groups",Native,Unhealthy,2,Adult,Small Mammals-RVS,1-1-1605107152,ACC,1,false,false,,,false,false,38616
2018-08-18T14:00:00,2018-08-18T14:15:00,Bronx,Pelham Bay Park,By dog run,Raccoon,Employee,Native,Unhealthy,1.5,Adult,Small Mammals-RVS,1-1-1605107150,ACC,1,false,false,,,false,false,46837
2018-08-17T17:05:00,2018-08-18T11:01:00,Manhattan,Central Park,Reservoir - 86th & E. Drive - south pump house - between fence and waters edge,raccoon,Central,Native,Unhealthy,2,Juvenile,Small Mammals-RVS,1-1-1605153181,ACC,1,false,false,,,false,false,38590
2018-08-17T12:00:00,2018-08-17T15:10:00,Queens,Rockaway Beach and Boardwalk,"Beach 55th St and surf, near shoreline outside of plover site",gull,Employee,Native,Injured,3.5,Adult,Birds,,Monitored Animal,1,false,true,,0.5,false,false,
2018-08-17T08:30:00,2018-08-17T09:30:00,Manhattan,Central Park,West 79th West Drive at the top steps near Shakespeare Garden,Raccoon,"Conservancies/""Friends of"" Groups",Native,Unhealthy,1.5,Adult,Small Mammals-RVS,1-1-1605101944,ACC,1,false,false,,,false,false,38474
2018-08-17T09:00:00,2018-08-17T09:30:00,Manhattan,Central Park,West 79th and West Drive across from 79th St Yard entrance and Swedish Cottage. Nearest cross street Central Park West at West 79th,Raccoon,"Conservancies/""Friends of"" Groups",Native,Unhealthy,1.5,Adult,Small Mammals-RVS,1-1-1605101944,ACC,1,false,false,,,false,false,38473
2018-08-17T13:00:00,2018-08-17T14:15:00,Manhattan,Central Park,Ramble Shed. East 79th 5th Ave,Raccoon,"Conservancies/""Friends of"" Groups",Native,Unhealthy,1,Adult,Small Mammals-RVS,N/A,Monitored Animal,1,false,false,,,false,false,
2018-08-17T13:00:00,2018-08-17T14:00:00,Manhattan,Central Park,Balton Statue. East 65th and 5th Ave,Raccoon,"Conservancies/""Friends of"" Groups",Native,Unhealthy,1.5,Adult,Small Mammals-RVS,1-1-1605107061,ACC,1,false,false,,,false,false,38513
2018-08-16T14:30:00,2018-08-17T15:00:00,Brooklyn,Marine Park,S/E corner of Burnett Street and Avenue U,Eastern Gray Squirrel,Public,Native,Unhealthy,3,Infant,Small Mammals-non RVS,1-1-1605101941,Rehabilitator,4,false,true,Wild Bird Fund,1,false,false,
2018-08-16T09:30:00,2018-08-16T09:45:00,Manhattan,Inwood Hill Park,Bolton Rd,White-tailed deer doe,Employee,Native,Healthy,0.75,Adult,Deer,n/a,Unfounded,1,false,false,,,false,false,
2018-08-16T14:50:00,2018-08-16T15:10:00,Manhattan,Central Park,96th Street Transverse entrance/ near playground,Raccoon,"Conservancies/""Friends of"" Groups",Native,,1,Adult,Small Mammals-RVS,1-1-1604583422,ACC,1,false,false,,,false,false,38397
2018-08-16T15:00:00,2018-08-16T15:15:00,Manhattan,Central Park,"79 street transverse road, east side",raccoon,Public,Native,Healthy,1.5,Juvenile,Small Mammals-non RVS,1-1-1604583423,ACC,1,false,false,,,false,false,38398
2018-08-16T13:20:00,2018-08-16T13:25:00,Manhattan,Central Park,Loeb Boathouse,Raccoon,"Conservancies/""Friends of"" Groups",Native,Unhealthy,2,Adult,Small Mammals-RVS,1-1-1605148960,ACC,1,false,false,,,false,false,38388
2018-08-16T11:00:00,2018-08-16T11:00:00,Manhattan,Central Park,Loeb Boathouse. Cross Street West 72nd and 5th Ave,Raccoon,"Conservancies/""Friends of"" Groups",Native,N/A,0.5,Adult,Small Mammals-RVS,N/A,Unfounded,1,false,false,,,false,false,
2018-08-16T09:30:00,2018-08-16T10:45:00,Manhattan,Central Park,Tennis House,raccoon,Employee,Native,Unhealthy,1.5,Adult,Small Mammals-RVS,1-1-1601184830,ACC,1,false,false,,,false,false,38356
2018-08-16T08:00:00,2018-08-16T09:10:00,Manhattan,Central Park,The Great Lawn Ball Fields between field 3 and 5,Raccoon,"Conservancies/""Friends of"" Groups",Native,Unhealthy,2.5,Juvenile,Small Mammals-RVS,,Monitored Animal,1,false,false,,,false,false,
2018-08-16T08:00:00,2018-08-16T09:55:00,Manhattan,Central Park,Delacorte Theater,Raccoon,"Conservancies/""Friends of"" Groups",Native,Unhealthy,1.5,Juvenile,Small Mammals-RVS,1-1-1601184835,ACC,1,false,false,,,false,false,38343
2018-08-16T11:30:00,2018-08-16T11:30:00,Manhattan,Central Park,79th Street Transverse West on sidewalk,Raccoon,Public,Native,N/A,0.5,Juvenile,Small Mammals-RVS,N/A,Unfounded,1,false,false,,,false,false,
2018-08-16T11:30:00,2018-08-16T11:30:00,Manhattan,Central Park,79th Street Transverse West. On side walk,Raccoon,Public,Native,DOA,0.1,Juvenile,Small Mammals-RVS,N/A,Relocated/Condition Corrected,1,false,false,,,false,false,
2018-08-16T08:00:00,2018-08-16T08:30:00,Manhattan,Central Park,Trefoil Arch under East Drive at East 71st cross street is 5th Ave,Raccoon,"Conservancies/""Friends of"" Groups",Native,Unhealthy,1.5,Adult,Small Mammals-RVS,1-1-1601184833,ACC,1,false,false,,,false,false,38337
2018-08-16T08:00:00,2018-08-16T08:30:00,Manhattan,Central Park,Central Park Children's Zoo entrance near Delecorte Clock/Arch. Cross Street 5th Ave and East 66th,Raccoon,"Conservancies/""Friends of"" Groups",Native,Unhealthy,1.5,Adult,Small Mammals-RVS,1-1-1601184832,ACC,1,false,false,,,false,false,38336
2018-08-15T15:45:00,2018-08-15T15:50:00,Brooklyn,Marine Park,Burnett Street and Avenue U,Eastern Gray Squirrel,Public,Native,Healthy,0.5,Infant,Small Mammals-non RVS,,Relocated/Condition Corrected,4,false,false,,,false,false,
2018-08-15T14:30:00,2018-08-15T14:40:00,Manhattan,Central Park,"96 street mid-park, north of the tennis house",Raccoon,"Conservancies/""Friends of"" Groups",Native,Healthy,1,Juvenile,Small Mammals-non RVS,,Monitored Animal,1,false,true,,0.5,false,false,
2018-08-15T12:07:00,2018-08-15T12:12:00,Manhattan,Central Park,Loeb boathouse in a trashcan,Raccoon,Employee,Native,Healthy,1.5,Adult,Small Mammals-RVS,1-1-1604211971,Monitored Animal,1,false,false,,,false,false,
2018-08-15T09:45:00,2018-08-15T09:45:00,Manhattan,Central Park,W 91st St and Central Park West,Raccoon,Employee,Native,Unhealthy,1.25,Juvenile,Small Mammals-RVS,1-1-1604211980,ACC,1,false,false,,,false,false,38234
2018-08-15T09:00:00,2018-08-15T09:10:00,Manhattan,Central Park,Bow Bridge,Raccoon,"Conservancies/""Friends of"" Groups",Native,Unhealthy,2,Juvenile,Small Mammals-RVS,1-1-1604211970,ACC,2,false,false,,,false,false,38231
2018-08-14T13:00:00,2018-08-15T14:00:00,Queens,Rockaway Beach and Boardwalk,Beach 41st Street near Shore,Juvenile Herring Gull,Employee,Native,Injured,1,Juvenile,Birds,1-1-1604132980,ACC,1,false,false,,,false,false,38184
2018-08-15T08:30:00,2018-08-15T08:30:00,Manhattan,Central Park,The Loeb Boathouse,Raccoon,Central,Native,Unhealthy,0.25,Adult,Small Mammals-RVS,1-1-1601746760,Advised/Educated others,1,false,false,,,false,false,
2018-08-14T15:00:00,2018-08-14T15:05:00,Manhattan,Central Park,E 76th and 5th Ave,Raccoon,"Conservancies/""Friends of"" Groups",Native,Unhealthy,2,Infant,Small Mammals-RVS,1-1-1602212590,ACC,1,false,false,,,false,false,38189
2018-08-14T10:30:00,2018-08-14T15:30:00,Bronx,Pelham Bay Park,Landfill,Raccoon,Employee,Native,Healthy,1,Adult,Small Mammals-RVS,,Relocated/Condition Corrected,1,false,false,,,false,false,
2018-08-14T15:00:00,2018-08-14T15:06:00,Manhattan,Central Park,Ramble - south of Castle - stairs,Raccoon,"Conservancies/""Friends of"" Groups",Native,N/A,1,Adult,Small Mammals-RVS,,Unfounded,1,false,false,,,false,false,
2018-08-14T13:45:00,2018-08-14T13:45:00,Manhattan,Central Park,86St and reservoir,raccoon,"Conservancies/""Friends of"" Groups",Native,Unhealthy,2.5,Adult,Domestic,1-1-1601184605,ACC,1,false,false,,,false,false,38182
2018-08-14T14:00:00,2018-08-14T14:42:00,Manhattan,Central Park,Delcorte Theater/81st Street,Raccoon,"Conservancies/""Friends of"" Groups",Native,Unhealthy,1,Juvenile,Small Mammals-RVS,1-1-1601533790,ACC,1,false,false,,,false,false,
2018-08-14T08:30:00,2018-08-14T10:28:00,Manhattan,Central Park,92/93st by Reservoir near Engineer's Gate.,Raccoon,"Conservancies/""Friends of"" Groups",Native,N/A,1,Adult,Small Mammals-RVS,,Unfounded,1,false,false,,,false,false,
2018-08-14T08:45:00,2018-08-14T09:35:00,Manhattan,Central Park,Conservatory Gardens -Italian gardens under bench by entrance on north side,Raccoon,"Conservancies/""Friends of"" Groups",Native,Unhealthy,1.5,Adult,Small Mammals-RVS,1-1-1601184603,ACC,1,false,false,,,false,false,38145
2018-08-14T09:50:00,2018-08-14T10:10:00,Manhattan,Central Park,E 67th street at the Billy Johnson Playground,Raccoon,"Conservancies/""Friends of"" Groups",Native,Unhealthy,2,Juvenile,Small Mammals-RVS,1-1-1601156521,ACC,1,false,false,,,false,false,38143
2018-08-14T13:51:00,2018-08-14T13:51:00,Manhattan,Central Park,Loeb Boathouse,Raccoon,Employee,Native,N/A,0.75,Adult,Small Mammals-RVS,,Unfounded,1,false,false,,,false,false,
2018-08-14T09:30:00,2018-08-14T09:48:00,Manhattan,Central Park,E 66th back entrance of the children zoo near the underpass by the clock,Raccoon,"Conservancies/""Friends of"" Groups",Native,Unhealthy,2,Adult,Small Mammals-RVS,1-1-1601156521,ACC,1,false,false,,,false,false,38142
2018-08-14T11:00:00,2018-08-14T11:15:00,Manhattan,Central Park,The Ramble Azalea Pond at W 76th St and Central Park West,Raccoon,"Conservancies/""Friends of"" Groups",Native,Unhealthy,1.25,Juvenile,Small Mammals-RVS,1-1-1601533661,ACC,1,false,false,,,false,false,38151
2018-08-14T10:30:00,2018-08-14T11:00:00,Manhattan,Central Park,Ladies Pavilion at W 75th St and Central Park West,Raccoon,"Conservancies/""Friends of"" Groups",Native,Unhealthy,1.25,Juvenile,Small Mammals-RVS,1-1-1601533660,ACC,1,false,false,,,false,false,38150
2018-08-14T08:53:00,2018-08-14T09:12:00,Manhattan,Central Park,100th Street Pool - SW corner - creek leading into Pool,raccoon,"Conservancies/""Friends of"" Groups",Native,DOA,0.5,Juvenile,Small Mammals-RVS,,Relocated/Condition Corrected,1,false,false,,,false,false,
2018-08-13T16:20:00,2018-08-13T16:50:00,Manhattan,Central Park,"Near lamp post 7230, near boat house/ drive",Raccoon,"Conservancies/""Friends of"" Groups",Native,N/A,1.5,Adult,Small Mammals-RVS,1-1-1602644202,Unfounded,1,false,false,,,false,false,
2018-08-13T16:40:00,2018-08-13T16:50:00,Manhattan,Central Park,"East 75th Street, near Loeb Boat House Cafe",Raccoon,"Conservancies/""Friends of"" Groups",Native,Unhealthy,1.5,Juvenile,Small Mammals-RVS,1-1-1602644201,ACC,1,false,false,,,false,false,38086
2018-08-13T12:00:00,2018-08-13T12:15:00,Manhattan,Central Park,"W 96th & West Drive, Tennis Center",Raccoon,"Conservancies/""Friends of"" Groups",Native,N/A,0.5,Adult,Small Mammals-RVS,,Unfounded,1,false,false,,,false,false,
2018-08-13T10:30:00,2018-08-13T10:30:00,Manhattan,Central Park,77th & West Drive,Raccoon,"Conservancies/""Friends of"" Groups",Native,Unhealthy,1,Infant,Small Mammals-RVS,1-1-1597899544,ACC,1,false,false,,,false,false,38025
2018-08-13T09:30:00,2018-08-13T10:00:00,Manhattan,Central Park,97th & East Drive,Raccoon,"Conservancies/""Friends of"" Groups",Native,Unhealthy,2,Adult,Small Mammals-RVS,1-1-1597899543,ACC,1,false,false,,,false,false,38024
2018-08-12T10:00:00,2018-08-12T15:30:00,Manhattan,Hudson River Park,12th street and West Street,Canada Goose,Employee,Native,Unhealthy,0.5,Adult,Birds,1-1-1603178692,Rehabilitator,1,false,false,Wild Bird Fund,,false,false,
2018-08-12T11:00:00,2018-08-12T11:30:00,Manhattan,Central Park,79 Street transverse road,Raccoon,Other,Native,DOA,0.5,Juvenile,Small Mammals-non RVS,,Relocated/Condition Corrected,1,false,false,,,true,false,
2018-08-12T10:00:00,2018-08-12T12:30:00,Manhattan,Central Park,"The ramble, on the point about 73 street mid-park",raccoon,"Conservancies/""Friends of"" Groups",Native,Unhealthy,1.5,Juvenile,Small Mammals-non RVS,1-1-1601184302,ACC,1,false,false,,,false,false,37963
2018-08-12T11:30:00,2018-08-12T12:15:00,Manhattan,Central Park,79 Street transverse road,Raccoon,Other,Native,Unhealthy,1.5,Adult,Small Mammals-non RVS,1-1-1603241945,ACC,1,false,false,,,true,false,37962
2018-08-12T10:59:00,2018-08-12T11:45:00,Manhattan,Central Park,Central Park Zoo under the animal clock,raccoon,Employee,Native,Unhealthy,1.5,Adult,Small Mammals-non RVS,1-1-1601184301,ACC,1,false,false,,,false,false,37961
2018-08-12T08:00:00,2018-08-12T11:15:00,Manhattan,Central Park,"Tennis house, south of 96 street transverse road",Raccoon,Employee,Native,Unhealthy,1.5,Adult,Small Mammals-non RVS,1-1-1601561130,ACC,1,false,false,,,false,false,37960
2018-08-11T12:00:00,2018-08-11T13:45:00,Queens,Rockaway Beach and Boardwalk,Beach 128th St and surf,gull,Employee,Native,Injured,3.5,Adult,Birds,1-1-1597899511,ACC,1,false,false,,,false,false,37895
2018-08-11T17:00:00,2018-08-11T17:24:00,Manhattan,Central Park,Gapstow Bridge - 62nd & E. Drive - on the path,raccoon,"Conservancies/""Friends of"" Groups",Native,Unhealthy,1.5,Juvenile,Small Mammals-RVS,1-1-1597899510,ACC,1,false,false,,,false,false,37902
2018-08-10T22:05:00,2018-08-11T13:45:00,Queens,Rockaway Beach and Boardwalk,Beach 119th St and surf,gull,Central,Native,Injured,2,Adult,Birds,1-1-1601537307,Monitored Animal,1,false,true,,0.5,false,false,
2018-08-11T15:40:00,2018-08-11T16:13:00,Manhattan,Central Park,Loeb Boathouse - back deck,raccoon,Other,Native,Unhealthy,1.25,Adult,Small Mammals-RVS,1-1-1602166956,ACC,1,false,false,,,false,false,37888
2018-08-11T15:47:00,2018-08-11T15:54:00,Manhattan,Central Park,between Delacorte Theater and Shakespeare's Garden,raccoon,"Conservancies/""Friends of"" Groups",Native,N/A,0.5,Adult,Small Mammals-RVS,,Unfounded,1,false,false,,,false,false,
2018-08-11T09:04:00,2018-08-11T13:47:00,Manhattan,Washington Market Park,"in box for us, inside park house",Mourning Dove,Employee,Native,Injured,2,Juvenile,Birds,1-1-1602166950,Rehabilitator,1,false,false,WBF,,false,false,
2018-08-11T12:30:00,2018-08-11T12:45:00,Manhattan,Central Park,On the 97th St Transverse,Raccoon,"Conservancies/""Friends of"" Groups",Native,DOA,0.5,Adult,Small Mammals-RVS,,Relocated/Condition Corrected,1,false,false,,,false,false,
2018-08-11T13:15:00,2018-08-11T14:00:00,Manhattan,Central Park,Conservatory Gardens at E 106th St and 5th Ave,Raccoon,Employee,Native,Unhealthy,1,Juvenile,Small Mammals-RVS,1-1-1602140060,ACC,1,false,false,,,false,false,37859
2018-08-11T15:20:00,2018-08-11T16:12:00,Queens,Flushing Meadows Corona Park,Boathouse,Raccoon,Employee,Native,Healthy,1,Infant,Small Mammals-RVS,1-1-1597899500,Relocated/Condition Corrected,1,false,false,,,false,false,
2018-08-11T14:52:00,2018-08-11T15:30:00,Manhattan,Central Park,Bridal Path at East 84th Street. Not far from the South Pump House,Raccoon,"Conservancies/""Friends of"" Groups",Native,Unhealthy,1.5,Juvenile,Small Mammals-RVS,1-1-1601184280,ACC,1,false,false,,,false,false,37886
2018-08-11T16:10:00,2018-08-11T16:10:00,Manhattan,Central Park,East 106th 5th Ave Entrance to the Conservatory Gardens,Raccoon,Employee,Native,Healthy,0.5,Adult,Small Mammals-RVS,N/A,Monitored Animal,1,false,true,,0.15,false,false,
2018-08-11T11:54:00,2018-08-11T12:10:00,Manhattan,Central Park,Dana Center / MLK inside the park on the path,Squirrel,"Conservancies/""Friends of"" Groups",Native,Healthy,1,Infant,Small Mammals-non RVS,1-1-1602166960,Rehabilitator,1,false,false,Wild Bird Fund,,false,false,
2018-08-11T07:00:00,2018-08-11T10:00:00,Manhattan,Central Park,"E. 84th and E. Drive, by a lamp post",Raccoon,"Conservancies/""Friends of"" Groups",Native,N/A,0.5,Adult,Small Mammals-RVS,,Unfounded,1,false,false,,,false,false,
2018-08-10T17:00:00,2018-08-10T17:10:00,Manhattan,Central Park,Ramble. Nearest cross street is East 72nd and 5th Ave,Raccoon,"Conservancies/""Friends of"" Groups",Native,Unhealthy,1.5,Juvenile,Small Mammals-RVS,1-1-1602140040,ACC,1,false,false,,,false,false,
2018-08-09T20:00:00,2018-08-10T09:00:00,Manhattan,Central Park,East 106th and 5th Ave near Conservatory Garden,Raccoon,"Conservancies/""Friends of"" Groups",Native,N/A,0.5,Adult,Small Mammals-RVS,N/A,Unfounded,1,false,false,,,false,false,
2018-08-10T14:10:00,2018-08-10T14:10:00,Manhattan,Central Park,Path not far from Oak Bridge. Nearest cross street West 76th and CPW,Raccoon,"Conservancies/""Friends of"" Groups",Native,Unhealthy,1.5,Adult,Small Mammals-RVS,1-1-1602446919,ACC,1,false,false,,,false,false,37743
2018-08-10T09:45:00,2018-08-10T09:50:00,Manhattan,Central  Park,Ramble not far from the Boathouse. Nearest cross street East 72nd and 5th Ave,Raccoon,"Conservancies/""Friends of"" Groups",Native,Unhealthy,1.5,Adult,Small Mammals-RVS,1-1-1601537253,ACC,1,false,false,,,false,false,37704
2018-08-10T09:30:00,2018-08-10T09:30:00,Manhattan,Central Park,Cherry Hill. Nearest cross street West 72nd CPW,Raccoon,Employee,Native,Unhealthy,1.5,Adult,Small Mammals-RVS,1-1-1601537251,ACC,1,false,false,,,false,false,37703
2018-08-10T09:00:00,2018-08-10T09:10:00,Manhattan,Central Park,Delecorte Theater stage. Nearest Cross Street West 81st and CPW,Raccoon,"Conservancies/""Friends of"" Groups",Native,Unhealthy,1.5,Adult,Small Mammals-RVS,1-1-1601537250,ACC,1,false,false,,,false,false,37702
2018-08-10T13:30:00,2018-08-10T13:35:00,Staten Island,South Beach,On beach near Atlantic Ave.,Gull,Employee,Native,Unhealthy,0.25,Juvenile,Birds,1-1-1601746282,ACC,1,false,false,,,false,false,
2018-08-09T22:00:00,2018-08-10T09:45:00,Brooklyn,Prospect Park,Harmony Playground,Red Tail,Employee,Native,,12,Juvenile,Raptors,,Unfounded,1,false,false,,,false,false,
2018-08-10T09:10:00,2018-08-10T09:20:00,Queens,Fort Totten Park,In front of the pool near Story Rd,Raccoon,Central,Native,Healthy,0.75,"Adult;#Juvenile",Small Mammals-RVS,1-1-1602446910,Relocated/Condition Corrected,3,false,false,,,false,false,
2018-08-09T16:45:00,2018-08-09T16:56:00,Manhattan,Central Park,West 105th and CPW Entrance to the park,Raccoon,"Conservancies/""Friends of"" Groups",Native,Unhealthy,1.5,Adult,Small Mammals-RVS,1-1-1601533143,ACC,1,false,false,,,false,false,37653
2018-08-09T18:10:00,2018-08-09T18:10:00,Manhattan,Central Park,The Lake at the Ladies Pavilion (W 75th St and CPW),Raccoon,Central,Native,DOA,0,Adult,Small Mammals-RVS,N/A,Relocated/Condition Corrected,1,false,false,,,false,false,
2018-08-09T16:30:00,2018-08-09T16:45:00,Manhattan,Central Park,The Loeb Boathouse E 72nd St and 5th Ave,Raccoon,Other,Native,N/A,1,Adult,Small Mammals-RVS,,Unfounded,1,false,false,,,false,false,
2018-08-09T14:30:00,2018-08-09T14:45:00,Manhattan,Central Park,96St Transverse on the drive/ sidewalk,Raccoon,Public,Native,Unhealthy,1,Juvenile,Small Mammals-RVS,1-1-1599539412,ACC,1,false,false,,,false,false,37639
2018-08-09T09:00:00,2018-08-09T10:40:00,Manhattan,Central Park,96st Transverse Rd. and Bridlepath fork behind Transverse Rd. fence,Raccoon,"Conservancies/""Friends of"" Groups",Native,Unhealthy,2.5,Juvenile,Small Mammals-RVS,1-1-1599116593,ACC,1,false,false,,,false,false,37598
2018-08-09T07:30:00,2018-08-09T09:00:00,Manhattan,Central Park,E 102nd St and East Drive.  South of Compost Hill,Raccoon,"Conservancies/""Friends of"" Groups",Native,Unhealthy,4,Adult,Small Mammals-RVS,1-1-1599116596,ACC,1,false,true,,3.5,true,false,37618
2018-08-09T11:50:00,2018-08-09T11:55:00,Manhattan,Central Park,E96th Bridal Path heading north by the reservoir,Raccoon,"Conservancies/""Friends of"" Groups",Native,N/A,0.5,Adult,Small Mammals-RVS,,Unfounded,1,false,false,,,false,false,
2018-08-09T08:30:00,2018-08-09T09:24:00,Manhattan,Central Park,E. 90th and East Drive,Raccoon,"Conservancies/""Friends of"" Groups",Native,Unhealthy,1,Adult,Small Mammals-RVS,1-1-1599116593,ACC,1,false,false,,,false,false,37609
2018-08-09T08:00:00,2018-08-09T10:30:00,Manhattan,Central Park,W96th st/CPW near the grass area by the edge of the transverse,Raccoon,"Conservancies/""Friends of"" Groups",Native,Unhealthy,1.5,Juvenile,Small Mammals-RVS,,Monitored Animal,1,false,false,,,false,false,
2018-08-09T08:30:00,2018-08-09T09:50:00,Manhattan,Central Park,Outside the Loeb Boathouse Bathrooms,Raccoon,"Conservancies/""Friends of"" Groups",Native,N/A,0.5,Adult,Small Mammals-RVS,,Unfounded,1,false,false,,,false,false,
2018-08-09T08:30:00,2018-08-09T10:44:00,Manhattan,Central Park,West of Cherry Hill Fountain - on trail in Wagner's Cove,Raccoon,"Conservancies/""Friends of"" Groups",Native,Unhealthy,1.75,Adult,Small Mammals-RVS,1-1-1599116595,ACC,1,false,false,,,false,false,37611
2018-08-09T08:30:00,2018-08-09T09:30:00,Manhattan,Central Park,South of Belvedere Castle,Raccoon,"Conservancies/""Friends of"" Groups",Native,Unhealthy,1.5,Adult,Small Mammals-RVS,1-1-1601946860,ACC,1,false,false,,,false,false,37610
2018-08-09T08:30:00,2018-08-09T10:05:00,Manhattan,Central Park,Ramble - area known as Oven,raccoon,"Conservancies/""Friends of"" Groups",Native,N/A,0.75,Juvenile,Small Mammals-RVS,,Unfounded,1,false,false,,,false,false,
2018-08-08T13:30:00,2018-08-08T16:00:00,Manhattan,Central Park,West 72nd on the Bridal Path,Raccoon,"Conservancies/""Friends of"" Groups",Native,N/A,1,Adult,Small Mammals-non RVS,N/A,Unfounded,1,false,false,,,false,false,
2018-08-08T15:30:00,2018-08-08T15:40:00,Manhattan,Central Park,Delacorte Theater. Nearest cross street is West 81st and central Park West,Raccoon,"Conservancies/""Friends of"" Groups",Native,N/A,1,Adult,Small Mammals-RVS,N/A,Unfounded,1,false,false,,,false,false,
2018-08-08T12:00:00,2018-08-08T14:30:00,Manhattan,Central Park,East 72nd Eastdrive at the entrance to the Loeb Boathouse parking lot,Raccoon,"Conservancies/""Friends of"" Groups",Native,Unhealthy,1.5,Juvenile,Small Mammals-RVS,1-1-159789210,ACC,1,false,false,,,false,false,1-1-1599539332
2018-08-08T08:00:00,2018-08-08T09:30:00,Manhattan,Central Park,Dead Road. Nearest cross street Central Park West West 67th,Raccoon,"Conservancies/""Friends of"" Groups",Native,Unhealthy,1.5,Adult,Small Mammals-RVS,1-1-159789210,ACC,1,false,false,,,false,false,37471
2018-08-08T11:30:00,2018-08-08T14:00:00,Manhattan,Central Park,West 85th West Drive near Spector Playground,Raccoon,"Conservancies/""Friends of"" Groups",Native,Unhealthy,1.5,Adult,Small Mammals-RVS,1-1-1599539331,ACC,1,false,false,,,false,false,37522
2018-08-08T12:32:00,2018-08-08T13:30:00,Manhattan,Central Park,Tennis Courts near Tennis House at East 96th off  the Eastdrive,Raccoon,Employee,Native,DOA,1,Adult,Small Mammals-RVS,,Relocated/Condition Corrected,1,false,false,,,false,false,
2018-08-06T15:30:00,2018-08-06T15:30:00,Queens,Evergreen Park,,House Sparrow,Central,Native,Injured,3,Juvenile,Birds,1-1-1599116094,ACC,1,false,false,,,false,false,45070
2018-08-08T13:33:00,2018-08-08T13:38:00,Staten Island,Ocean Breeze Track & Field Athletic Complex,Garage of Rec Center,Raccoon,Employee,Native,,1,Adult,Small Mammals-RVS,,Unfounded,0,false,false,,,false,false,
2018-08-06T16:15:00,2018-08-07T15:15:00,Queens,Baisley Pond Park,near the parking lot,Iguana,Employee,Exotic,N/A,2.5,Adult,Terrestrial Reptile or Amphibian,1-1-1599178290,Unfounded,1,false,false,,,false,false,
2018-08-07T12:00:00,2018-08-07T13:15:00,Manhattan,Central Park,59th St Pond at the fence inside the Hallet,Raccoon,"Conservancies/""Friends of"" Groups",Native,Unhealthy,1.5,Adult,Small Mammals-RVS,1-1-1598976930,ACC,1,false,false,,,false,false,37377
2018-08-07T08:00:00,2018-08-07T23:30:00,Manhattan,Central Park,Just north of the 79th St Yard not far from West 79th and Central Park West entrance,Raccoon,"Conservancies/""Friends of"" Groups",Native,Unhealthy,1.5,Adult,Small Mammals-RVS,1-1-1598976930,ACC,1,false,false,,,false,false,37364
2018-08-07T13:30:00,2018-08-07T15:30:00,Manhattan,Central Park,West Drive at West 69th Street,Raccoon,"Conservancies/""Friends of"" Groups",Native,Unhealthy,1.5,Adult,Small Mammals-RVS,1-1-1600705902,ACC,1,false,false,,,false,false,37395
2018-08-06T13:30:00,2018-08-06T13:30:00,Manhattan,Central Park,ball field cafe north of Hecksher ball fields,raccoon,"Conservancies/""Friends of"" Groups",Native,DOA,0.75,Juvenile,Small Mammals-RVS,n/a,Relocated/Condition Corrected,1,false,false,,,false,false,
2018-08-06T12:30:00,2018-08-06T13:00:00,Manhattan,Central Park,Ramble by Oak bridge,raccoon,"Conservancies/""Friends of"" Groups",Native,Healthy,0.75,Adult,Small Mammals-RVS,n/a,Monitored Animal,1,false,false,,,false,false,
2018-08-06T15:17:00,2018-08-06T15:20:00,Manhattan,Central Park,Wollman Rink,Raccoon,"Conservancies/""Friends of"" Groups",Native,Unhealthy,2,Juvenile,Small Mammals-RVS,1-1-1599148140,ACC,1,false,false,,,false,false,37294
2018-08-05T09:30:00,2018-08-05T11:30:00,Manhattan,Central Park,100th St and CPW,raccoon,"Conservancies/""Friends of"" Groups",Native,Injured,1.5,Adult,Small Mammals-RVS,1-1-1597160393,ACC,1,false,false,,,false,false,37171
2018-08-05T14:40:00,2018-08-05T15:20:00,Manhattan,Central Park,81st/ Diana Ross Playground,Raccoon,"Conservancies/""Friends of"" Groups",Native,Unhealthy,2,Juvenile,Small Mammals-RVS,1-1-1597683604,ACC,1,false,false,,,false,false,37201
2018-08-04T17:35:00,2018-08-04T17:35:00,Manhattan,Central Park,Loeb Boathouse Dock,Raccoon,Employee,Native,DOA,0.05,Adult,Small Mammals-RVS,,Relocated/Condition Corrected,1,false,false,,,false,false,
2018-08-04T16:30:00,2018-08-04T16:45:00,Manhattan,Central Park,Dana Center,Raccoon,"Conservancies/""Friends of"" Groups",Exotic,Healthy,1,Juvenile,Small Mammals-RVS,N/A,Monitored Animal,1,false,true,,0.3,false,false,
2018-08-04T16:00:00,2018-08-04T16:00:00,Manhattan,Central Park,Across from Dana Center on lawn near park entrance,Raccoon,"Conservancies/""Friends of"" Groups",Native,Unhealthy,1,"Juvenile;#Adult",Small Mammals-RVS,1-1-1599567881,ACC,1,false,false,,,false,false,37074
2018-08-04T15:30:00,2018-08-04T15:35:00,Manhattan,Central Park,Bridal Path at 95th Street,Raccoon,"Conservancies/""Friends of"" Groups",Native,Unhealthy,1,Juvenile,Small Mammals-RVS,1-1-1599567880,ACC,1,false,false,,,false,false,37073
2018-08-04T08:45:00,2018-08-04T09:50:00,Manhattan,Central Park,,Raccoon,Central,Native,Unhealthy,1,Adult,Small Mammals-RVS,1-1-1596705665,ACC,1,false,false,,,false,false,37022
2018-08-04T09:30:00,2018-08-04T09:30:00,Manhattan,Central Park,East Drive at East 90th on Bridal Path entrance,Raccoon,"Conservancies/""Friends of"" Groups",Native,Unhealthy,2,Adult,Small Mammals-RVS,1-1-1596705664,ACC,1,false,false,,,false,false,37021
2018-08-04T09:15:00,2018-08-04T09:20:00,Manhattan,Central Park,Rumsey Playfield/Summer Stage Entrance right off the East Drive at East 68th,Raccoon,"Conservancies/""Friends of"" Groups",Native,Unhealthy,2,Juvenile,Small Mammals-RVS,1-1-1596705663,ACC,1,false,false,,,false,false,37020
2018-08-04T08:50:00,2018-08-04T08:50:00,Manhattan,Central Park,West 72nd Pergala not far fro park entrance and Strawberry Fields,Raccoon,"Conservancies/""Friends of"" Groups",Native,Unhealthy,2,Juvenile,Small Mammals-RVS,1-1-1596705662,ACC,1,false,false,,,false,false,37019
2018-08-04T08:00:00,2018-08-04T08:40:00,Manhattan,Central Park,North meadow Ballfield close to East 96th and Eastdrive,Raccoon,"Conservancies/""Friends of"" Groups",Native,Unhealthy,2,Adult,Small Mammals-RVS,1-1-1596705661,ACC,1,false,false,,,false,false,37018
2018-08-03T11:45:00,2018-08-03T11:56:00,Staten Island,Midland Beach,Beach off of Seaver Avenue,Herring Gull,Employee,Native,Unhealthy,1.5,Juvenile,Birds,1-1-1598979882,ACC,1,false,false,,,false,false,36935
2018-08-03T12:04:00,2018-08-03T00:10:00,Manhattan,Central Park,In front of stairway entrance of Chess and Checkers visitor center. Center Drive East 64th street.,Raccoon,"Conservancies/""Friends of"" Groups",Native,Unhealthy,1,Adult,Small Mammals-RVS,1-1-1596159521,ACC,1,false,false,,,false,false,
2018-08-02T14:45:00,2018-08-02T14:55:00,Manhattan,Central Park,Turtle Pond on East Drive and East 79th,Red-eared Slider Turtle,Public,Domestic,Healthy,0.05,Adult,Domestic,N/A,Advised/Educated others,1,false,false,,,false,false,
2018-08-03T09:30:00,2018-08-03T09:55:00,Manhattan,Central Park,102nd st & East Drive,Raccoon,"Conservancies/""Friends of"" Groups",Native,Unhealthy,0.5,Adult,Small Mammals-RVS,,Monitored Animal,1,false,true,,0.5,false,false,
2018-08-03T07:30:00,2018-08-03T09:15:00,Manhattan,Central Park,Fredrick Douglas Circle. 110th and Malcom X Blvd,Raccoon,"Conservancies/""Friends of"" Groups",Native,N/A,0.15,Adult,Domestic,n/a,Unfounded,0,false,false,,,true,false,
2018-08-03T09:00:00,2018-08-03T09:20:00,Manhattan,Central Park,Sheep Meadow close to West Drive. Cross Street Westt 66th and CPW,Raccoon,"Conservancies/""Friends of"" Groups",Native,Unhealthy,1.5,Adult,Small Mammals-RVS,1-1-1597160331,ACC,1,false,false,,,false,false,36918
2018-08-02T16:08:00,2018-08-02T16:29:00,Staten Island,Midland Beach,"Responded at Midland Ave and Father Capadonno Blvd boardwalk entrance, near picnic area.",Herring Gull,Employee,Native,Unhealthy,0.25,Juvenile,Birds,1-1-1599033774,ACC,1,true,false,,,false,false,36851
2018-08-02T15:40:00,2018-08-02T15:45:00,Manhattan,James Finley Walk,East 68th York Avenue not far from East River,Peregrine Falcon,Other,Native,Injured,1.5,Juvenile,Raptors,1-1-1597160312,Rehabilitator,1,false,false,Wildbird Fund,,false,false,
2018-08-02T15:40:00,2018-08-02T15:40:00,Manhattan,Central Park,In the grass between Cherry Hill fountain and the lakeside,Raccoon,"Conservancies/""Friends of"" Groups",Native,Unhealthy,1,Juvenile,Small Mammals-RVS,1-1-159765313,ACC,1,false,false,,,false,false,36849
2018-08-02T00:00:00,2018-08-02T11:00:00,Bronx,Crotona Park,Bathgate Playground,Red-Tailed Hawk,Central,Native,Unhealthy,4,Juvenile,Raptors,1-1-1597160311,Rehabilitator,1,false,false,Wild Bird Fund,,false,false,
2018-08-02T08:00:00,2018-08-02T09:25:00,Manhattan,Central Park,Cherry Hill westside near crossover/joggers path and West Drive. West 72nd and CPW,Raccoon,"Conservancies/""Friends of"" Groups",Native,Unhealthy,1.5,Adult,Small Mammals-RVS,1-1-1593846720,ACC,1,false,false,,,false,false,36786
2018-08-02T11:00:00,2018-08-02T11:05:00,Manhattan,Central Park,Entrance of 90th/5th ave bridal path,Raccoon,"Conservancies/""Friends of"" Groups",Native,N/A,0.5,Adult,Small Mammals-RVS,,Unfounded,1,false,false,,,false,false,
2018-08-01T20:00:00,2018-08-02T09:50:00,Manhattan,Central Park,Playground at E96th and 5th ave,Raccoon,"Conservancies/""Friends of"" Groups",Native,N/A,0.5,Adult,Small Mammals-RVS,1-1-1598586559,Unfounded,1,false,false,,,false,false,
2018-08-02T00:00:00,2018-08-02T12:30:00,Manhattan,Central Park,Chess & Checkers House,Raccoon,"Conservancies/""Friends of"" Groups",Native,Unhealthy,1,Adult,Small Mammals-RVS,,Monitored Animal,1,false,true,,1,false,false,
2018-07-31T10:00:00,2018-07-31T11:15:00,Queens,Forest Park,Giovanelli Playground,raccoon,Central,Native,Unhealthy,0.25,Juvenile,Small Mammals-RVS,1-1-592-927-621,ACC,1,false,false,,,false,false,44138
2018-08-01T14:40:00,2018-08-01T15:35:00,Bronx,Ferry Point Park,Found underneath white stone bridge,Kestrel,Public,Native,Unhealthy,1.5,Adult,Raptors,1-1-1592912581,Rehabilitator,1,false,false,Bobby Horvath,,false,false,
2018-08-01T14:45:00,2018-08-01T16:20:00,Manhattan,Central Park,Ramble woodlands not far from the Central Park Conservancy maintenance shed. Nearest cross street is East 79th and 5th Ave / East Drive,Raccoon,"Conservancies/""Friends of"" Groups",Native,Unhealthy,1.75,Adult,Small Mammals-RVS,1-1-1596492150,ACC,1,false,false,,,false,false,36723
2018-07-20T19:00:00,2018-07-20T19:00:00,Manhattan,Central Park,The Lake at the Ramble Oven,Raccoon,"Conservancies/""Friends of"" Groups",Native,DOA,0,Adult,Small Mammals-RVS,,Relocated/Condition Corrected,1,false,false,,,false,false,
2018-08-01T10:45:00,2018-08-01T10:45:00,Manhattan,Central Park,Ramble at the cave,Raccoon,"Conservancies/""Friends of"" Groups",Native,DOA,0,Adult,Small Mammals-RVS,,Relocated/Condition Corrected,1,false,false,,,false,false,
2018-08-01T08:00:00,2018-08-01T10:30:00,Manhattan,Central Park,The Ramble. In the woodlands close to the rustic shelter. Closest cross street will be West 75th and Central Park West / Westdrive,Raccoon,"Conservancies/""Friends of"" Groups",Native,Unhealthy,2.5,Juvenile,Small Mammals-RVS,1-1-1595450043,ACC,1,false,false,,,false,false,36671
2018-07-31T20:00:00,2018-08-01T09:30:00,Manhattan,Central Park,Loeb Boathouse,Raccoon,Other,Native,DOA,0.5,Juvenile,Small Mammals-RVS,,Relocated/Condition Corrected,1,false,false,,,false,false,
2018-08-01T08:00:00,2018-08-01T10:15:00,Manhattan,Central Park,"Ramble. In the woodlands not far from the Loeb Boathouse. Nearest cross street would be East 72nd, East Drive.",Raccoon,"Conservancies/""Friends of"" Groups",Native,Unhealthy,2.5,Adult,Small Mammals-RVS,1-1-159450042,ACC,1,false,false,,,false,false,36670
2018-07-21T16:30:00,2018-07-21T16:45:00,Manhattan,Central Park,Huddlestone Arch at the waterfall,Raccoon,"Conservancies/""Friends of"" Groups",Native,DOA,1.25,Adult,Small Mammals-RVS,,Relocated/Condition Corrected,2,false,false,,,false,false,
2018-08-01T08:30:00,2018-08-01T08:45:00,Manhattan,Central Park,Lasker Pool. On the stairs not far from public entrance to the pool.,Raccoon,"Conservancies/""Friends of"" Groups",Native,Unhealthy,2.5,Adult,Small Mammals-RVS,1-1-15950040,ACC,1,false,false,,,false,false,36669
2018-07-31T16:40:00,2018-07-31T16:50:00,Bronx,Magenta Playground,Bronx Park East & Rosewood Avenue,Raccoon,Employee,Native,Unhealthy,3,Adult,Small Mammals-RVS,1-1-1597270330,ACC,1,false,false,,,false,false,36629
2018-07-31T15:35:00,2018-07-31T15:35:00,Manhattan,Central Park,E 90th ST & 5th Ave,Raccoon,Observed by Ranger,Native,Unhealthy,0.5,Adult,Small Mammals-RVS,,Monitored Animal,1,false,true,,0.5,false,false,
2018-07-31T14:00:00,2018-07-31T14:05:00,Manhattan,Central Park,"At the reservoir, on the running path just west of the north pumphouse",Raccoon,"Conservancies/""Friends of"" Groups",Native,Unhealthy,2,Juvenile,Small Mammals-RVS,1-1-1594900390,ACC,1,false,false,,,false,false,36590
2018-07-31T11:35:00,2018-07-31T11:39:00,Manhattan,Central Park,E 90th St & 5th Ave,Raccoon,Employee,Native,Unhealthy,1.5,Adult,Small Mammals-RVS,,Monitored Animal,1,false,true,,1.5,false,false,
2018-07-31T11:52:00,2018-07-31T12:40:00,Manhattan,Central Park,Dana Center Playground,Raccoon,"Conservancies/""Friends of"" Groups",Native,DOA,1,Adult,Small Mammals-RVS,,Relocated/Condition Corrected,1,false,false,,,false,false,
2018-07-31T14:00:00,2018-07-31T15:30:00,Manhattan,Thomas Jefferson Recreation Center,In Lobby of Rec. Center,Squirrel,Employee,Native,Healthy,0.5,Adult,Small Mammals-non RVS,,Relocated/Condition Corrected,1,false,false,,,false,false,
2018-07-31T10:30:00,2018-07-31T11:20:00,Manhattan,Central Park,E65th between the dairy center and the east drive,raccoon,"Conservancies/""Friends of"" Groups",Native,N/A,4,Adult,Small Mammals-RVS,,Unfounded,1,false,false,,,false,false,
2018-07-31T09:00:00,2018-07-31T09:30:00,Manhattan,Central Park,near bridal path of E90th and 5th ave entrance.,raccoon,"Conservancies/""Friends of"" Groups",Native,Unhealthy,4,Adult,Small Mammals-RVS,,Monitored Animal,1,false,false,,,false,false,
2018-07-31T13:00:00,2018-07-31T13:26:00,Manhattan,Central Park,Central park ramble,raccoon,"Conservancies/""Friends of"" Groups",Native,Unhealthy,4,Adult,Small Mammals-RVS,1-1-1596705002,ACC,1,false,false,,,false,false,36572
2018-07-31T09:00:00,2018-07-31T00:05:00,Manhattan,Central Park,Found under a tree in the grass near the pedestrian path by E74th walkway off the drive by conservatory water.,raccoon,"Conservancies/""Friends of"" Groups",Native,Unhealthy,4,Juvenile,Small Mammals-RVS,1-1-1596705002,ACC,1,false,false,,,false,false,36571
2018-07-31T09:00:00,2018-07-31T11:30:00,Manhattan,Central Park,Found on the side of the pedestrian path near the bathrooms in Columbus circle.,raccoon,"Conservancies/""Friends of"" Groups",Native,Unhealthy,4,Juvenile,Small Mammals-RVS,1-1-1596705002,ACC,1,false,false,,,false,false,36570
2018-07-31T10:30:00,2018-07-31T10:35:00,Manhattan,Central Park,Parking lot of tavern on the green near the pedestrian ramp of central park west,raccoon,"Conservancies/""Friends of"" Groups",Native,Unhealthy,4,Adult,Small Mammals-RVS,1-11-1596705002,ACC,1,false,false,,,false,false,36569
2018-07-30T12:41:00,2018-07-30T13:00:00,Manhattan,Central Park,79th St and 5th Ave just south of the MET,Raccoons,"Conservancies/""Friends of"" Groups",Native,Unhealthy,1.5,Juvenile,Small Mammals-RVS,1-1-1593846610,ACC,2,false,false,,,false,false,36464/36465
2018-07-30T16:55:00,2018-07-30T17:08:00,Manhattan,Central Park,Summer Stage - backstage,raccoon,Other,Native,Unhealthy,2,Adult,Small Mammals-RVS,1-1-1595449961,ACC,1,false,false,,,false,false,36485
2018-07-29T15:15:00,2018-07-29T15:15:00,Queens,Cunningham Park,Yellow Picnic Area,Red Bat,Employee,Native,Healthy,1.25,Juvenile,Small Mammals-RVS,,Relocated/Condition Corrected,1,false,false,,,false,false,
2018-07-30T12:50:00,2018-07-30T14:37:00,Manhattan,Central Park,On the Mall - between 72nd street and Bandshell - near staircase closest to 72nd,raccoon,Central,Native,Unhealthy,1.75,Juvenile,Small Mammals-RVS,1-1-1593101630,ACC,1,false,false,,,false,false,36475
2018-07-29T13:00:00,2018-07-30T13:30:00,Brooklyn,McCarren Park,,Red Tailed Hawk,Employee,Native,Healthy,0.5,"Juvenile;#Adult",Raptors,,Monitored Animal,3,false,true,,0.5,false,false,
2018-07-30T09:00:00,2018-07-30T10:30:00,Brooklyn,Fort Greene Park,"North East corner of park, near corner of Myrtle and St. Edwards",Cat,Employee,Domestic,Healthy,2,Adult,Domestic,1-1-1596491810,ACC,1,false,false,,,false,false,43984
2018-07-29T15:20:00,2018-07-29T15:30:00,Manhattan,Central Park,"Rumsey Playfield, just south of Summer Stage venue, 69th st and East Drive",Raccoon,Employee,Native,Unhealthy,0.75,Adult,Small Mammals-RVS,1-1-1594035570,ACC,1,false,true,,0.5,false,false,36370
2018-07-29T13:00:00,2018-07-29T15:00:00,Manhattan,Central Park,"Rumsey Playfield, Summer Stage, around trailers",Raccoon,"Conservancies/""Friends of"" Groups",Native,N/A,0.5,Adult,Small Mammals-RVS,,Unfounded,1,false,false,,,false,false,
2018-07-23T11:15:00,2018-07-23T12:00:00,Manhattan,Central Park,West 70 Street between the West Drive and Central Park West,Raccoon,"Conservancies/""Friends of"" Groups",Native,Healthy,1,Infant,Small Mammals-RVS,,Relocated/Condition Corrected,1,false,true,,0.5,false,false,
2018-07-26T12:30:00,2018-07-26T13:00:00,Manhattan,Central Park,Rumsey Playfield,Raccoon,Employee,Native,Injured,2,Adult,Small Mammals-RVS,,Unfounded,0,false,false,,,false,false,
2018-07-28T07:45:00,2018-07-29T12:27:00,Manhattan,Central Park,"Near the Pioneers Gate, at 110th and 5th Ave",Raccoon,Public,Native,N/A,0.25,Juvenile,Small Mammals-RVS,,Unfounded,1,false,false,,,false,false,
2018-07-28T20:36:00,2018-07-29T11:30:00,Manhattan,Central Park,SW corner of the Jackie O Reservoir - where the Bridle Path intersects - below the railing - between the ledge and waters edge,raccoon,Public,Native,Healthy,1,Juvenile,Small Mammals-RVS,,Monitored Animal,1,false,true,,0.75,false,false,
2018-07-29T09:48:00,2018-07-29T10:30:00,Manhattan,Central Park,Hallet Nature Sanctuary - 59th street/6th ave,raccoon,Central,Native,Unhealthy,1.75,Adult,Small Mammals-RVS,1-1-1595406852,ACC,1,false,false,,,false,false,36328
2018-07-29T09:06:00,2018-07-29T09:08:00,Manhattan,Central Park,Conservatory Garden - Vanderbilt Gate - 5th ave/104th,raccoon,Employee,Native,Unhealthy,0.25,Juvenile,Small Mammals-RVS,1-1-1593319604,ACC,1,false,false,,,false,false,36298
2018-07-28T13:45:00,2018-07-28T14:20:00,Manhattan,Central Park,The Loeb Boathouse Docks,Raccoon,Other,Native,DOA,1.5,Juvenile,Small Mammals-RVS,,Relocated/Condition Corrected,1,false,false,,,false,false,
2018-07-28T17:10:00,2018-07-28T17:15:00,Manhattan,Central Park,94th St and Bridle path,raccoon,Central,Native,Unhealthy,0.75,Juvenile,Small Mammals-RVS,1-1-1595729275,ACC,1,false,false,,,false,false,36264
2018-07-28T14:33:00,2018-07-28T15:34:00,Manhattan,Central Park,"Ramble, area known as ""the gill"", along the waterfall, under the bridge",raccoon,Public,Native,Unhealthy,2.5,Adult,Small Mammals-RVS,1-1-1-594558242,ACC,1,false,false,,,false,false,36259
2018-07-28T12:30:00,2018-07-28T12:45:00,Queens,Socrates Sculpture Park,"Fence along southern border of park, accessed from Costco Parking Lot",Opossum,Central,Native,Healthy,1.75,Adult,Small Mammals-non RVS,1-1-1594452514,Relocated/Condition Corrected,1,false,false,,,false,true,
2018-07-28T12:12:00,2018-07-28T12:22:00,Manhattan,Central Park,Bridle Path at W 100th street,Raccoon,"Conservancies/""Friends of"" Groups",Native,Unhealthy,1,Adult,Small Mammals-RVS,1-1-1-595449866,ACC,1,false,false,,,false,false,36209
2018-07-28T09:00:00,2018-07-28T09:06:00,Manhattan,Central Park,"61 street entrance to park, on Wayne Walk, under a bench",raccoon,Central,Native,DOA,0,Adult,Small Mammals-RVS,,Relocated/Condition Corrected,1,false,false,,,false,false,
2018-07-28T08:30:00,2018-07-28T10:30:00,Manhattan,Central Park,"West Drive and 74th street, between the Drive and the Lake, behind a bench in the vegetation",raccoon,"Conservancies/""Friends of"" Groups",Native,N/A,0.5,Adult,Small Mammals-RVS,,Unfounded,1,false,false,,,false,false,
2018-07-28T08:30:00,2018-07-28T09:54:00,Manhattan,Central Park,"In Ramble, near Ramble Shed trash cans close to Maintenance area",raccoon,"Conservancies/""Friends of"" Groups",Native,N/A,0.5,Adult,Small Mammals-RVS,,Unfounded,1,false,false,,,false,false,
2018-07-28T08:30:00,2018-07-28T09:22:00,Manhattan,Central Park,"on Bridle Path at 86th street transverse entrance, aka ""Cowgate""",raccoon,"Conservancies/""Friends of"" Groups",Native,N/A,0.5,Adult,Small Mammals-RVS,,Unfounded,1,false,false,,,false,false,
2018-07-27T17:00:00,2018-07-27T05:06:00,Manhattan,Central Park,North Woods between East Drive and Harlem Meer/ In the sewage rocks on the walking path between the stairs and Lasker Rink,Raccoon,"Conservancies/""Friends of"" Groups",Native,Unhealthy,1,Juvenile,Small Mammals-non RVS,,Monitored Animal,1,false,false,,,false,false,
2018-07-27T10:30:00,2018-07-27T12:00:00,Manhattan,Central Park,74th St. and West Drive,raccoon,"Conservancies/""Friends of"" Groups",Native,Unhealthy,1,Adult,Small Mammals-RVS,1-1-1594820091,ACC,1,false,false,,,false,false,36023
2018-07-27T10:00:00,2018-07-27T10:30:00,Manhattan,Central Park,"Ramble, the oven, north of the Lake",raccoon,"Conservancies/""Friends of"" Groups",Native,Unhealthy,1,Juvenile,Small Mammals-RVS,1-1-1594820091,ACC,1,false,false,,,false,false,36014
2018-07-27T09:30:00,2018-07-27T10:00:00,Manhattan,Central Park,"Ramble, The Oven, north of the Lake",raccoon,"Conservancies/""Friends of"" Groups",Native,Unhealthy,1,Adult,Small Mammals-RVS,1-1-1594820091,ACC,1,false,false,,,false,false,36013
2018-07-27T09:00:00,2018-07-27T09:30:00,Manhattan,Central Park,North Meadow Ball fields,raccoon,"Conservancies/""Friends of"" Groups",Native,Unhealthy,1,Adult,Small Mammals-RVS,1-1-1594820091,ACC,1,false,false,,,false,false,36012
2018-07-27T08:23:00,2018-07-27T14:34:00,Manhattan,Central Park,E 110th St Playground,Raccoon,"Conservancies/""Friends of"" Groups",Native,Unhealthy,1.75,Juvenile,Small Mammals-RVS,1-1-1594899930,ACC,1,false,false,,0.5,false,false,36061
2018-07-27T00:00:00,2018-07-27T09:00:00,Manhattan,Central Park,Central Park - 110th St Playground at Dana Center,raccoon,"Conservancies/""Friends of"" Groups",Native,N/A,0.5,Adult,Small Mammals-RVS,,Monitored Animal,1,false,true,,0.5,false,false,
2018-07-26T12:45:00,2018-07-26T13:35:00,Manhattan,Central Park,Compost Hill 103rd/East Drive,raccoon,Central,Native,N/A,0.5,Adult,Small Mammals-RVS,,Unfounded,1,false,false,,,false,false,
2018-07-26T11:00:00,2018-07-26T11:00:00,Manhattan,Central Park,Dead Road and 72nd St Transverse,Squirrel,"Conservancies/""Friends of"" Groups",Native,Unhealthy,1.5,Adult,Small Mammals-non RVS,1-1-1594035353,ACC,1,false,false,,,false,false,35900
2018-07-26T10:20:00,2018-07-26T10:20:00,Manhattan,Central Park,Delacorte Theater,Raccoon,"Conservancies/""Friends of"" Groups",Native,Unhealthy,1.5,Adult,Small Mammals-RVS,1-1-1594035353,ACC,1,false,false,,,false,false,35899
2018-07-26T08:15:00,2018-07-26T09:00:00,Manhattan,Central Park,Ramble,raccoon,"Conservancies/""Friends of"" Groups",Native,N/A,0.5,Adult,Small Mammals-RVS,,Unfounded,1,false,false,,,false,false,
2018-07-25T14:49:00,2018-07-25T15:00:00,Manhattan,Tompkins Square Park,,Red Tailed Hawk,Public,Native,Unhealthy,3,Juvenile,Raptors,1-1-1594035222,Rehabilitator,1,false,false,Animal Medical Center Manhattan,,false,false,
2018-07-20T16:00:00,2018-07-20T16:30:00,Manhattan,Inwood Hill Park,,Mallard duckling,Central,Native,Healthy,0.5,Infant,Birds,,Advised/Educated others,1,false,false,,,false,false,
2018-07-25T13:15:00,2018-07-25T13:33:00,Manhattan,Central Park,In the middle of the driveway behind the Lasker Rink where the parking lot is/ East Dr and E107th,Raccoon,"Conservancies/""Friends of"" Groups",Native,Unhealthy,1,Adult,Small Mammals-RVS,1-1-1592372063,ACC,1,false,false,,,false,false,35796
2018-07-18T11:15:00,2018-07-18T11:20:00,Manhattan,Central Park,"Hecksher Ballfields - field #6 - west of Ballfields Cafe - between path and transverse",raccoon,"Conservancies/""Friends of"" Groups",Native,N/A,0.75,Adult,Small Mammals-RVS,,Unfounded,1,false,false,,,false,false,
2018-07-12T15:00:00,2018-07-12T15:25:00,Manhattan,Central Park,Sheep Meadow,Raccoon,"Conservancies/""Friends of"" Groups",Native,Healthy,1,Juvenile,Small Mammals-RVS,,Relocated/Condition Corrected,1,false,true,,1,false,false,
2018-07-18T10:18:00,2018-07-18T11:00:00,Manhattan,Central Park,Lasker Rink - parking lot - placed in bucket by CPC,raccoon,"Conservancies/""Friends of"" Groups",Native,Unhealthy,2,Infant,Small Mammals-RVS,1-1-1589216055,ACC,1,false,false,,,false,false,34937
2018-07-18T08:21:00,2018-07-18T10:16:00,Manhattan,Central Park,Conservatory Garden - 5th and 106th -  by Italian garden entrance nearest to lawn,raccoon,"Conservancies/""Friends of"" Groups",Native,Unhealthy,0.5,Juvenile,Small Mammals-RVS,1-1-1589216055,ACC,1,false,false,,,false,false,34936
2018-07-18T08:21:00,2018-07-18T09:28:00,Manhattan,Central Park,Grand Army Plaza - 5th ave and 59th - between Moore Statue and 59th street pond along path,raccoon,"Conservancies/""Friends of"" Groups",Native,Unhealthy,0.75,Adult,Small Mammals-RVS,1-1-1589216055,ACC,1,false,false,,,false,false,34935
2018-07-21T11:30:00,2018-07-21T13:00:00,Manhattan,Battery Park City,,crow,Central,Native,Healthy,1,Adult,Birds,,Advised/Educated others,1,false,false,,,false,false,
2018-07-25T09:00:00,2018-07-25T09:15:00,Manhattan,Central Park,110th playground/ Harlem Meer,Raccoon,Public,Native,N/A,0.5,Juvenile,Small Mammals-RVS,1-11-594088217,Unfounded,1,false,false,,,false,false,
2018-07-25T08:35:00,2018-07-25T09:00:00,Manhattan,Central Park,Lasker Pool entrance inside Central Park/  East 110th Street and Lennox Ave,Raccoon,Employee,Native,Unhealthy,2,Adult,Small Mammals-RVS,1-1-1592912090,ACC,1,false,false,,,false,false,43195
2018-07-24T16:40:00,2018-07-24T17:00:00,Queens,Brookville Park,,Raccoon,Central,Native,Healthy,2,Juvenile,Small Mammals-RVS,1-1-1593919394,Relocated/Condition Corrected,1,false,false,,,false,false,
2018-07-24T17:15:00,2018-07-24T17:35:00,Manhattan,Central Park,Behind the Lasker Pool near Huddlestone Arch,Raccoon,Employee,Native,N/A,0.25,Adult,Small Mammals-RVS,,Unfounded,1,false,false,,,false,false,
2018-07-24T17:05:00,2018-07-24T17:18:00,Manhattan,Central Park,Dana Discovery Center,Raccoon,"Conservancies/""Friends of"" Groups",Native,Unhealthy,0.35,Juvenile,Small Mammals-RVS,,Monitored Animal,1,false,false,,,false,false,
2018-07-24T13:00:00,2018-07-24T15:00:00,Manhattan,Highbridge Recreation Center,,Blue Jay,Employee,Native,Healthy,1,Juvenile,Birds,,Relocated/Condition Corrected,1,false,false,,,false,false,
2018-07-24T12:30:00,2018-07-24T15:15:00,Manhattan,Central Park,Waterfall behind Lasker Pool in the North Woods.,Raccoon,Public,Native,N/A,0.5,Adult,Small Mammals-RVS,,Unfounded,1,false,false,,,false,false,
2018-07-24T14:31:00,2018-07-24T14:31:00,Manhattan,Central Park,,Red-tailed Hawk,"Conservancies/""Friends of"" Groups",Native,Healthy,1,Juvenile,"Small Mammals-RVS;#Raptors",,Unfounded,,false,false,,,false,false,
2018-07-24T13:12:00,2018-07-24T13:30:00,Manhattan,Central Park,North Meadow Baseball Field,Raccoon,"Conservancies/""Friends of"" Groups",Native,Unhealthy,1.5,Adult,Small Mammals-RVS,1-1-1591910384,ACC,1,false,false,,,false,false,35692
2018-07-24T13:30:00,2018-07-24T14:30:00,Manhattan,Central Park,In Harlem Meer,Raccoon,Observed by Ranger,Native,DOA,1,Adult,Small Mammals-RVS,n/a,Relocated/Condition Corrected,1,false,false,,,false,false,
2018-07-24T09:00:00,2018-07-24T09:15:00,Manhattan,Central Park,Dana Discovery Center (110th 5th Ave).,Raccoon,"Conservancies/""Friends of"" Groups",Native,Unhealthy,2,Juvenile,Small Mammals-RVS,1-1-593662489,ACC,1,false,false,,,false,false,35649
2018-07-24T08:30:00,2018-07-24T09:57:00,Manhattan,Central Park,At the Conservatory Garden at East 102nd and 5th Ave,Raccoon,"Conservancies/""Friends of"" Groups",Native,Unhealthy,2,Adult,Small Mammals-RVS,1-1-1590959610,ACC,1,false,false,,,false,false,35650
2018-07-20T14:30:00,2018-07-20T15:30:00,Manhattan,Riverside Park,,Mallard duck,Public,Native,Injured,0.5,Adult,Birds,,Unfounded,1,false,false,,0.5,false,false,
2018-07-17T18:00:00,2018-07-23T11:13:00,Staten Island,Ocean Breeze Track & Field Athletic Complex,,Herring gull,Employee,Native,Injured,0.25,Adult,Birds,,Monitored Animal,,false,false,,,false,false,
2018-07-23T14:50:00,2018-07-23T15:00:00,Manhattan,Central Park,West 100th off the West Drive,Raccoon,"Conservancies/""Friends of"" Groups",Native,Unhealthy,1,Juvenile,Small Mammals-RVS,1-1-1593319220,ACC,1,false,false,,,false,false,35592
2018-07-17T11:40:00,2018-07-23T11:45:00,Manhattan,Central Park,"70th st, between West Drive and the bridle path",Raccoon,"Conservancies/""Friends of"" Groups",Native,Healthy,0.5,Infant,Small Mammals-RVS,,Relocated/Condition Corrected,1,false,true,,0.5,false,false,
2018-07-23T09:25:00,2018-07-23T09:45:00,Manhattan,Central Park,Near the Heckscher Baseball Field.Central Park West and West 63rd Street,Raccoon,"Conservancies/""Friends of"" Groups",Native,Unhealthy,3,Adult,Small Mammals-RVS,1-1-1592534182,ACC,1,false,false,,,false,false,35529
2018-07-23T08:30:00,2018-07-23T09:00:00,Manhattan,Central Park,Conservatory Gardens East 102nd near 5th Ave,Raccoon,"Conservancies/""Friends of"" Groups",Native,Unhealthy,3,Juvenile,Small Mammals-RVS,1-1-1592534181,ACC,1,false,false,,,false,false,35528
2018-07-22T14:30:00,2018-07-22T14:44:00,Staten Island,Franklin D. Roosevelt Boardwalk and Beach,,Double crested cormorant,Employee,Native,Unhealthy,1.75,Juvenile,Birds,1-1-1590964411,ACC,1,true,false,,,false,false,35484
2018-07-22T14:15:00,2018-07-22T15:00:00,Manhattan,Tompkins Square Park,,Red-tailed hawk,Central,Native,Healthy,0.5,Juvenile,Raptors,,Monitored Animal,,false,true,,0.5,false,false,
2018-07-21T14:00:00,2018-07-21T14:50:00,Manhattan,Central Park,Conservatory Garden,Raccoon,"Conservancies/""Friends of"" Groups",Native,Healthy,0.5,Adult,Small Mammals-RVS,,Monitored Animal,1,false,true,,0.5,false,false,
2018-07-21T16:30:00,2018-07-21T16:45:00,Manhattan,Central Park,Huddlestone Arch,Raccoon,"Conservancies/""Friends of"" Groups",Native,Healthy,1.25,Juvenile,Small Mammals-non RVS,1-1-1588253244,Monitored Animal,2,false,true,,0.5,false,false,
2018-07-21T14:15:00,2018-07-21T14:15:00,Manhattan,Central Park,East 110th Street Playground,Raccoon,"Conservancies/""Friends of"" Groups",Native,Unhealthy,2,Adult,Small Mammals-RVS,1-1-1588253243,ACC,1,false,false,,,true,false,35372
2018-07-21T09:00:00,2018-07-21T09:10:00,Manhattan,Central Park,Dalehead Arch at the West Drive of Central Park and W 63rd St,Raccoon,Central,Native,DOA,2.5,Juvenile,Small Mammals-RVS,1-1-1591237359,Submitted for DEC Testing,1,false,false,,,false,false,
2018-07-21T09:15:00,2018-07-21T09:15:00,Manhattan,Central Park,Central Park East Drive at 106th St,Raccoon,Observed by Ranger,Native,Unhealthy,2,Adult,Small Mammals-RVS,1-1-1591297971,ACC,1,false,false,,,false,false,35291
2018-07-20T17:51:00,2018-07-21T15:45:00,Queens,Alley Pond Park,,Red-Eared Slider,Central,Domestic,N/A,0.5,Adult,Marine Reptiles,111591900350,Unfounded,,false,false,,,false,false,
2018-07-17T18:15:00,2018-07-21T14:43:00,Staten Island,Ocean Breeze Track & Field Athletic Complex,,Herring Gull,Employee,Native,Injured,0.25,Adult,Birds,,Monitored Animal,1,false,true,,0.25,false,false,
2018-07-20T14:00:00,2018-07-20T14:00:00,Manhattan,Central Park,,Opossum,Employee,Native,DOA,0.3,Adult,Small Mammals-non RVS,,Relocated/Condition Corrected,1,false,false,,,false,false,
2018-07-20T14:00:00,2018-07-20T14:00:00,Manhattan,Central Park,floating in the water of the Loch in the North Woods,Raccoon,Employee,Native,DOA,0.3,Adult,Small Mammals-RVS,,Relocated/Condition Corrected,1,false,false,,,false,false,
2018-07-20T14:00:00,2018-07-20T14:45:00,Manhattan,Central Park,west side of the 100th pond,Raccoon,Employee,Native,Healthy,1,Juvenile,Small Mammals-RVS,,Monitored Animal,1,false,true,,0.4,false,false,
2018-07-19T10:15:00,2018-07-19T12:25:00,Queens,Alley Pond Park,,Raccoon,"Conservancies/""Friends of"" Groups",Native,N/A,0.25,Juvenile,Small Mammals-RVS,1-1-1588253180,Unfounded,1,false,false,,,false,false,
2018-07-18T20:35:00,2018-07-19T09:35:00,Queens,Alley Pond Park,,Chicken,Central,Domestic,N/A,0.25,Adult,Domestic,1-1-1591518774,Unfounded,1,false,false,,,false,false,
2018-07-18T18:00:00,2018-07-19T10:00:00,Manhattan,Central Park,South Gate (Pump) House by the Reservoir by 86st. and Transverse,Raccoon,Public,Native,Unhealthy,3,Adult,Small Mammals-RVS,1-1-1590496248,ACC,1,false,false,,,false,false,35083
2018-07-16T12:00:00,2018-07-19T13:00:00,Manhattan,Central Park,East 110th St Playground,Raccoon,"Conservancies/""Friends of"" Groups",Native,Healthy,0.75,Infant,Small Mammals-RVS,,Unfounded,2,false,true,,2,false,false,
2018-07-19T09:00:00,2018-07-19T10:00:00,Manhattan,Central Park,CP 79th St Yard,Raccoon,"Conservancies/""Friends of"" Groups",Native,Unhealthy,2.75,Adult,Small Mammals-RVS,1-1-1590496247,ACC,1,false,false,,,false,false,35069
2018-07-19T12:00:00,2018-07-19T00:30:00,Manhattan,Central Park,Walking path to Delocorte Theater,Raccoon,Employee,Native,Injured,1.5,Juvenile,Small Mammals-RVS,1-11-590496249,ACC,1,false,false,,,false,false,35104
2018-07-18T16:30:00,2018-07-18T16:45:00,Bronx,Van Cortlandt Park,,Squirrels,Central,Native,N/A,0.25,Juvenile,Small Mammals-RVS,,Unfounded,,false,false,,,false,false,
2018-07-17T18:15:00,2018-07-19T12:08:00,Staten Island,Ocean Breeze Track & Field Athletic Complex,,Herring Gull,Employee,Native,Injured,0.25,Adult,Birds,,Monitored Animal,1,false,true,,0.25,false,false,
2018-07-18T12:40:00,2018-07-18T13:00:00,Manhattan,West Harlem Piers,125 street and West Harlem Piers Park,Canada Goose,Central,Native,Unhealthy,1.5,Adult,Birds,1-1-1590963990,Rehabilitator,1,false,false,"Wild Bird Fund, Manhattan",,false,false,
2018-07-15T13:15:00,2018-07-15T13:46:00,Queens,Astoria Park,,Red Tailed Hawk,Central,Native,N/A,1,Juvenile,Raptors,1-11-587739991,Unfounded,,false,false,,,false,false,
2018-07-17T18:15:00,2018-07-18T13:00:00,Staten Island,Ocean Breeze Track & Field Athletic Complex,,Herring Gull,Employee,Native,Injured,0.25,Adult,Birds,N/A,Monitored Animal,1,true,true,,0.25,false,false,
2018-07-18T11:45:00,2018-07-18T13:00:00,Staten Island,Ocean Breeze Track & Field Athletic Complex,,Canada Goose,Employee,Native,Injured,1.25,Adult,Birds,1-1-1590963990,ACC,1,true,false,,,false,false,34955
2018-07-18T09:30:00,2018-07-18T10:00:00,Bronx,Haffen Park,,Raccoon,Central,Native,Healthy,1.25,Juvenile,Small Mammals-RVS,1-1-1589094020,Relocated/Condition Corrected,1,false,false,,,false,false,
2018-07-15T19:00:00,2018-07-15T19:00:00,Bronx,Van Cortlandt Park,,Mallard Ducklings,Public,Native,Healthy,0.5,Juvenile,Birds,,Relocated/Condition Corrected,5,false,false,,,false,false,
2018-07-17T16:00:00,2018-07-17T16:10:00,Manhattan,Central Park,Central Park South and Grand Army Plaza,Raccoon,Employee,Native,DOA,1,Adult,Small Mammals-RVS,1-11-590417923,Submitted for DEC Testing,1,false,false,,,false,false,
2018-07-17T11:00:00,2018-07-17T11:30:00,Brooklyn,Mellet Playground,,Eastern Gray Squirrel,Central,Domestic,DOA,1,Adult,Small Mammals-non RVS,,Relocated/Condition Corrected,1,false,false,,,false,false,
2018-07-16T13:00:00,2018-07-16T13:10:00,Manhattan,Central Park,Playground by Dana Center,Raccoon,"Conservancies/""Friends of"" Groups",Native,Healthy,1,Adult,Small Mammals-RVS,,Advised/Educated others,1,false,true,,1,false,false,
2018-07-16T15:00:00,2018-07-16T15:10:00,Manhattan,Central Park,Huddlestone arch,Raccoon,Employee,Native,Unhealthy,1,Juvenile,Small Mammals-RVS,1-11-587740052,ACC,1,false,false,,,false,false,34682
2018-07-16T12:00:00,2018-07-16T12:10:00,Manhattan,Central Park,Hecksher Playground,Raccoon,Employee,Native,Unhealthy,1,Juvenile,Small Mammals-RVS,1-11-587740051,ACC,1,false,false,,,false,false,34681
2018-07-16T11:00:00,2018-07-16T11:00:00,Manhattan,Central Park,103st and 5th ave,Raccoon,Employee,Native,Unhealthy,2,Juvenile,Small Mammals-RVS,1-11-587740050,ACC,1,false,false,,,false,false,34680
2018-07-17T11:40:00,2018-07-17T12:00:00,Manhattan,Central Park,"North Woods along fence west of the Ravine, close to Huddlestone Arch",Raccoon,Public,Native,DOA,1,Juvenile,Small Mammals-RVS,1-1-1588182966,Submitted for DEC Testing,1,false,false,,,false,false,
2018-07-12T11:15:00,2018-07-12T11:30:00,Brooklyn,Prospect Park,,Raccoon,Employee,Native,N/A,1,Adult,Small Mammals-RVS,,Unfounded,1,false,false,,,false,false,
2018-07-16T14:40:00,2018-07-16T14:50:00,Queens,Alley Pond Park Tennis Courts Near Court 16,,Raccoon,Central,Native,N/A,2,Adult,Small Mammals-RVS,,Unfounded,0,false,false,,,false,false,
2018-07-15T18:40:00,2018-07-15T18:40:00,Bronx,Van Cortlandt Park,,Mallard,Public,Native,Healthy,0.5,Infant,Birds,,Relocated/Condition Corrected,7,false,false,,,false,false,
2018-07-12T11:00:00,2018-07-12T12:00:00,Brooklyn,Prospect Park,,Raccoon,Employee,Native,Healthy,1.5,Adult,Small Mammals-RVS,,Unfounded,1,false,false,,,false,false,
2018-07-14T11:30:00,2018-07-14T12:10:00,Manhattan,Central Park,Children's Playground close to 59th St,Raccoon,Public,Native,N/A,1,Adult,Small Mammals-RVS,,Unfounded,1,false,false,,,false,false,
2018-07-14T13:00:00,2018-07-14T13:15:00,Brooklyn,Owl's Head Park,,House Sparrow,Central,Native,Injured,3.5,Adult,Birds,1-11-587862230,Rehabilitator,1,false,false,Wild Bird Fund,,false,false,
2018-07-14T11:00:00,2018-07-14T11:15:00,Manhattan,Central Park,Conservatory Gardens,Raccoon,"Conservancies/""Friends of"" Groups",Native,Unhealthy,2,Juvenile,Small Mammals-RVS,1-1-1588847790,ACC,1,false,false,,,false,false,34433
2018-07-12T16:37:00,2018-07-12T17:15:00,Manhattan,Central Park,base of stairs to the Arsenal,pigeon,Employee,Native,Unhealthy,1.5,Adult,Birds,,Relocated/Condition Corrected,1,false,false,,,false,false,
2018-07-12T12:30:00,2018-07-12T12:30:00,Manhattan,Morningside Park,Playground 123,raccoon,Employee,Native,Healthy,0.75,Juvenile,Small Mammals-RVS,,Relocated/Condition Corrected,1,false,false,,,false,false,
2018-07-14T09:15:00,2018-07-14T09:30:00,Manhattan,Central Park,in the bushes just outside of the fence to the 110thst Playground,Raccoon,"Conservancies/""Friends of"" Groups",Native,Injured,1,Infant,Small Mammals-RVS,,Relocated/Condition Corrected,1,false,false,,,false,false,
2018-07-12T10:30:00,2018-07-12T11:30:00,Manhattan,Central Park,North Meadow Ball Fields,raccoon,"Conservancies/""Friends of"" Groups",Native,Unhealthy,1,Juvenile,Small Mammals-RVS,1-11-588847790,ACC,1,false,false,,,false,false,34207
2018-07-13T14:30:00,2018-07-13T14:30:00,Bronx,Van Cortlandt Park,,Infant Squirrel,Other,Native,N/A,2,Infant,Small Mammals-non RVS,1-11-588704060,Rehabilitator,1,false,false,,,false,false,
2018-07-13T09:00:00,2018-07-13T09:30:00,Manhattan,Central Park,93st & Bridlepath,Raccoon,"Conservancies/""Friends of"" Groups",Native,Unhealthy,2,Juvenile,Small Mammals-RVS,1-11-585670172,ACC,1,false,false,,,false,false,34281
2018-07-11T09:30:00,2018-07-11T10:00:00,Manhattan,Central Park,one in lasker rink,Raccoon,"Conservancies/""Friends of"" Groups",Native,DOA,5,"Adult;#Juvenile",Small Mammals-RVS,1-11-587408810,ACC,3,false,false,,,false,false,34117
2018-07-13T10:43:00,2018-07-13T10:44:00,Queens,Fort Totten Park,,Red-Eared Slider,Employee,Domestic,DOA,0.5,Juvenile,Domestic,1-11-588703713,Relocated/Condition Corrected,1,false,false,,,false,false,
2018-07-12T10:30:00,2018-07-12T10:50:00,Manhattan,Central Park,Play ground east 67th St,Raccoon,"Conservancies/""Friends of"" Groups",Native,Unhealthy,1.5,Juvenile,Small Mammals-RVS,1-11-585601187,ACC,1,false,false,,,false,false,34206
2018-07-11T15:00:00,2018-07-11T15:10:00,Queens,Rockaway Beach and Boardwalk,,American Oystercatcher,Employee,Native,Injured,3,Adult,Birds,1-11-5842988950,Rehabilitator,1,false,false,Bobby Horvath,,false,false,
2018-07-06T08:45:00,2018-07-06T12:01:00,Manhattan,Central Park,,raccoon,Employee,Native,N/A,0,Adult,Small Mammals-RVS,,Advised/Educated others,1,false,false,,,false,false,
2018-07-05T13:00:00,2018-07-05T13:18:00,Manhattan,Central Park,Lasker Rink,raccoon,"Conservancies/""Friends of"" Groups",Native,N/A,0.75,Adult,Small Mammals-RVS,,Unfounded,1,false,false,,,false,false,
2018-07-05T09:08:00,2018-07-05T09:19:00,Manhattan,Sheltering Arms Playground,,opossum,Employee,Native,Healthy,0.5,Juvenile,Small Mammals-non RVS,,Relocated/Condition Corrected,1,false,false,,,false,false,
2018-07-08T10:00:00,2018-07-08T10:30:00,Manhattan,Central Park,,Raccoon,"Conservancies/""Friends of"" Groups",Native,DOA,2,Adult,Small Mammals-RVS,,ACC,,false,false,,,false,false,
2018-07-10T09:00:00,2018-07-10T09:30:00,Manhattan,Central Park,Lasker pool laying in-between the fence posts in the grass,Raccoon,Employee,Native,Unhealthy,1,Juvenile,Small Mammals-RVS,1-11-586639352,ACC,1,false,false,,,false,false,
2018-07-08T22:17:00,2018-07-08T12:00:00,Bronx,Van Cortlandt Park,,Skunk,Employee,Native,N/A,0.25,Adult,Small Mammals-RVS,1-11-586588522,Unfounded,1,false,false,,,false,false,
2018-07-08T09:40:00,2018-07-08T11:00:00,Bronx,Space Time Playground,,Kittens,Central,Domestic,Healthy,1,Juvenile,Domestic,1-11-584669690,ACC,3,false,false,,,false,false,40827
2018-07-07T09:15:00,2018-07-07T09:36:00,Manhattan,Central Park,Strawberry Fields by the Drive,,"Conservancies/""Friends of"" Groups",Native,Unhealthy,2,Adult,Small Mammals-RVS,1-11-584114940,ACC,1,false,false,,,false,false,40666
2018-07-07T11:20:00,2018-07-07T12:25:00,Brooklyn,Prospect Park,,Mallard Duck,"Conservancies/""Friends of"" Groups",Native,Injured,3.5,Adult,Birds,,Rehabilitator,1,false,false,Wild Bird Fund,,false,false,
2018-07-06T11:00:00,2018-07-06T12:00:00,Manhattan,Central Park,alleyway of the Lasker Rink and Pool,Raccoon,Central,Native,DOA,0.5,Juvenile,Small Mammals-RVS,,Relocated/Condition Corrected,1,false,false,,,false,false,
2018-07-05T13:58:00,2018-07-05T13:58:00,Staten Island,Ocean Breeze Park,,Cormorant,Employee,Native,Unhealthy,1.5,Juvenile,Birds,1-11-584298431,ACC,1,false,false,,,false,false,40434
2018-07-05T11:30:00,2018-07-05T12:16:00,Queens,Forest Park,,Raccoon,Employee,Native,DOA,2,Adult,Small Mammals-RVS,,Relocated/Condition Corrected,3,false,false,,,false,false,
2018-07-05T14:05:00,2018-07-05T14:49:00,Queens,Rockaway Beach and Boardwalk,,Peregrine Falcon,Employee,Native,Injured,3,Adult,Raptors,1-11-582650930,Rehabilitator,1,false,false,Bobby Horvath,,false,false,
2018-07-04T10:30:00,2018-07-04T10:35:00,Queens,Flushing Meadows Corona Park,,Rock Dove,Employee,Native,Injured,1,Adult,Birds,,Relocated/Condition Corrected,,false,false,,,false,false,
2018-06-28T15:50:00,2018-06-28T16:00:00,Manhattan,Central Park,,Raccoon,Other,Native,Injured,1.5,Adult,Small Mammals-RVS,1-11-578998211,ACC,1,false,true,,,false,false,39582
2018-06-12T08:30:00,2018-06-14T14:00:00,Manhattan,Riverside Park,,Red-tailed Hawk,Public,Native,Healthy,2,Juvenile,Raptors,,Monitored Animal,1,false,true,,2,false,false,
2018-06-27T10:43:00,2018-06-27T10:44:00,Manhattan,John V. Lindsay East River Park,,dutch blue love bird,Central,Exotic,Unhealthy,0,Infant,Birds,,Advised/Educated others,1,false,false,,,false,false,
2018-06-22T14:45:00,2018-06-22T15:00:00,Manhattan,Central Park,,,Employee,Native,Healthy,1.25,Infant,Birds,,Relocated/Condition Corrected,1,false,false,,,false,false,
2018-06-24T10:00:00,2018-06-24T11:00:00,Manhattan,Central Park,,Raccoon,Central,Native,Injured,2,Infant,Small Mammals-RVS,1-11-580068259,ACC,1,false,false,,,false,false,32202
2018-06-15T00:00:00,2018-06-15T00:00:00,Manhattan,Riverside Park,,Red-tailed Hawk,Public,Native,Healthy,4,Juvenile,Raptors,,Monitored Animal,1,false,true,,4,false,false,
2018-06-14T00:00:00,2018-06-14T00:00:00,Manhattan,Riverside Park,,Red-tailed Hawk,Public,Native,Healthy,3.5,Juvenile,Raptors,,Monitored Animal,1,false,true,,4,false,false,
2018-06-12T08:30:00,2018-06-12T10:00:00,Manhattan,Riverside Park,,Red-tailed Hawk,Public,Native,Healthy,4.5,Juvenile,Raptors,,Monitored Animal,2,false,true,,4,false,false,
2018-06-16T14:00:00,2018-06-16T02:30:00,Manhattan,Riverside Park,,Red-tailed Hawk,Public,Native,Healthy,2.5,Juvenile,Raptors,1-11-572509140,Rehabilitator,1,false,true,Bobby Horvath,1,false,false,
2018-06-15T14:00:00,2018-06-15T14:52:00,Manhattan,Central Park,,double crested cormorant,Public,Native,N/A,1.75,Adult,Birds,,Unfounded,1,false,false,,,false,false,
2018-06-15T14:00:00,2018-06-15T16:30:00,Manhattan,Central Park,,raccoon,"Conservancies/""Friends of"" Groups",Native,Healthy,1.5,Infant,Small Mammals-RVS,,Relocated/Condition Corrected,1,false,false,,,false,false,
2018-06-17T14:30:00,2018-06-17T15:40:00,Manhattan,Central Park,,Raccoon,"Conservancies/""Friends of"" Groups",Native,Unhealthy,1.5,Adult,Small Mammals-RVS,1-11-576043760,ACC,1,false,false,,,false,false,31565
2018-06-12T17:10:00,2018-06-12T17:15:00,Manhattan,Riverside Park,,Red-tailed Hawk,Public,Native,Healthy,3.05,Juvenile,Raptors,1-11-575043572,Rehabilitator,1,false,true,Bobby Horvath,0.5,false,false,
2018-06-12T14:00:00,2018-06-12T02:35:00,Manhattan,Central Park,,Raccoon,"Conservancies/""Friends of"" Groups",Native,Injured,2,Juvenile,Small Mammals-RVS,1-11-579641512,ACC,1,false,false,,,false,false,37529
2018-06-11T10:15:00,2018-06-11T10:30:00,Manhattan,Riverside Park,,Red-tailed Hawk,Public,Native,Injured,2,Juvenile,Raptors,1-11-5729099901,Rehabilitator,1,false,true,Bobby Horvath,2,false,false,
2018-06-05T00:00:00,2018-06-05T00:01:00,Manhattan,Abingdon Square,,raccoon,Central,Native,Healthy,0.75,Adult,Small Mammals-RVS,,Relocated/Condition Corrected,1,false,true,,1,false,false,
2018-06-01T12:00:00,2018-06-01T12:30:00,Manhattan,Central Park,,RACCOON,Employee,Native,Injured,1.25,Juvenile,Small Mammals-RVS,,ACC,1,false,false,,,false,false,36061
2018-05-16T09:00:00,2018-05-17T10:10:00,Manhattan,Morningside Park,,Raccoon,Employee,Native,DOA,1.5,Juvenile,Small Mammals-RVS,,ACC,2,false,true,,0.5,false,false,28316
2018-05-02T09:30:00,2018-05-02T12:00:00,Manhattan,Central Park,,raccoon,Public,Native,Healthy,0.75,Adult,Small Mammals-RVS,,Unfounded,1,,,,,,false,
2018-05-07T13:30:00,2018-05-07T13:40:00,Manhattan,Central Park,,Red Tailed Hawk,Employee,Native,DOA,1,Adult,Raptors,,Submitted for DEC Testing,1,,,,,,false,
